archivo,tipo_agente,duracion_segundos,transcripcion
0445c357-e465-49ae-8067-bfa91d11b532.wav,humano,308.56,"y ¿Y quién la necesita? Eh, mire mucho gusto, mi nombre es... ...lo comunicó de... ...nos comunicamos porque realizamos un acuerdo de pago con ella y para hoy tenemos la cuota estipulada. Queremos confirmar si contamos con este pago para el día de hoy. ¿Al día de hoy? ¿Cuándo podemos contar con el pago? La cuota está por el... Acuerdo, está por 800 mil pesos, dos cuotas, cada una por 400 mil pesos. Queremos confirmar que pues que fecha dentro del mes puede realizar el pago. Sí, para el otro mes. Y este mes puedes hacer una 1 para mantener el descuento de 100 mil pesos. Y pues se disminuye la cuota para el próximo mes. No, porque ahorita no tengo, tengo que esperar después de fin de mes si me cae el plato. Para el siguiente mes. Ok, tú vas a empezar, plan de a unos por... ...un no con un valor en específico. Sí, es para validar el sistema porque acá en el sistema te aparecen dos pagos cada uno de 400 mil pesos. Entonces pues si de pronto no cuentas con el dinero vas a empezar a incumplir la fecha de pago. Entonces no decide pronto te puedo ofertar un plan de pago donde la cuota que como un poquito más baja para que lo puedas cancelar. Sí, claro. Ok, mira, entonces te podemos ofrecer un plan de pago de cuotas a seis cuotas cada una por un valor de 133 mil 300. Ese valor te queda accequible. Sí, claro. Listo, entonces estos 133 mil pesos puedes cancelar la primera cosa el 31 de julio y te quedaría del 30 de cada mes. 31 de julio de agosto, septiembre y así sucesivamente. Mmm... Podría hacer como para los cinco. Los cinco? Ok. Sí, más siempre te pases la fecha de mes iniciando el mes. Ok, bueno, te voy a dejar entonces el pago los cinco... En este caso te iniciaría entonces el plan de pago el 5 de agosto. Es de gran importancia el cumplimiento. Te quedan seis cuotas cada una por ciento, 33 mil 300. Bueno. Esto 33 mil 300. Sí, sí señora, este pago lo puedes realizar por medio de... O por medio de especty con el número de convenio en referencia vas a colocar tu número de sádula. El acuerdo te llega actualizado el día de hoy en el transcurso pues del día. Te llega actualizado tu whatsapp indicando pues las seis cuotas y cada una por ciento y 33 mil. Ah, bueno. Algo alza y yo paso por el pete. Sí, sí señora, ahí con el número de tu sádula indicas el valor. Obviamente en algunos casos te va a aparecer otros valores como inferiores o superiores. Solamente le dices a la cajera que lo modifique al valor de la cuota porque muchas veces esos valores que aparecen ahí son las cuotas que vienen o que han venido cancelando pues anteriormente cuando iniciaron con el crédito. Bueno. Ah, bueno, ese es el budo. Señora. Ese es el budo. Sí, sí señora, ahí con el número de convenio te dicen Luxury. Es la compañía nueva dueña de la cartera. Entonces ahí te va a aparecer un convenio llamado Luxury y ahí te dicen que es... y ahí ya con tu número de sádula aparece. Y hoy las cotas son seis cotas. Sí, son seis cotas cada uno de ciento, treinta y tres mil, tres cientos. Ah, bueno, que ahí me parece bien. Y ya cuando cancelas y nos envías algo al... que te llega el acuerdo de pago, nos envías el soporte de pago para la aplicación. Ah, bueno, y eso es donde queda. La compañía de la cartera de... E... En este momento queda en la ciudad de... nosotros estamos operando via llamada. Ya si tú quieres investigar todo el tema de la compañía y demás te puedo enviar el... no puedes verificar y que es el registro impresario al único. Ahí puedes validar la matrícula que se activa y pues toda nuestra razón social. También nuestros números de contacto. Ah, bueno, me pueden enviar ahí entonces. Y dentro del acuerdo de pago está toda la información de la empresa. Está el... los líneas de comunicación. Bueno. Está perfecto. Bueno, muchas gracias que estemos muy bien y quedamos atentos al pago. Hasta el río. Bueno, así señalito."
09115a4a-ac50-4425-9dbc-b551a0b5342c.wav,humano,87.0,"Bueno, días por favor las niñores les alejan. Sí, con ella. Como está nuevamente le habla. Por el tema de la obligación originada inicialmente con el. ¿Cómo se encuentra el día de hoy? Bien, gracias. Quiero contar que en ese momento nos generaron la aprobación del pago total de los 10 millones de pesos. En este caso, pues ante la principal escuelas remitir a sumerse el acuerdo de pago formal con el descuento aprobado por parte del. Ustedes me informó que realizaría el pago el día 31 de agosto. A tener uno antes de esa fecha o necesariamente sería hasta si ya que lograría conseguir todo el dinero? Sí, hasta si ya porque pues necesito en estos días gestionar pues todo el tema. Porque pues no lo tenía contemplado. Entonces necesito gestionar. Listo. Entonces es perfecto. Yo ya le voy a enviar a sumerse el acuerdo de pago formal. ¿Hay este mismo número sumerse maneja WhatsApp? Sí, sí, está en el mismo número. Listo. Entonces hay este mismo número le enviar el acuerdo de pago formal y queda atentado en vivo el comprobante de pago cualquier inquietud o novedad con gusto será tendida. Me puede escribir por WhatsApp o también me puede llamar a ese mismo número. Vale. Vale. Gracias por haber atendido la llamada y que tengo un excelente interés. Que estemos bien. Gracias."
0bc9a430-bdcd-44a7-a92d-e71dc33c8ad5.wav,humano,102.0,"41 21 1 ¿AdEx? ¿Cómo están? Bien, bien. Pero bueno. ¡Halo! ¡Muy buenas tardes! ¡Hala! ¡Sí señora! ¡Muy buenas tardes! ¿Y me están a volver cómo le ta con don Luis Aves? No se le entienden, las escuchas súper basito. No se la entienden. No se me da nada de nada. ¿Y a quién le ta con don Luis Aves? ¿Y a quién le ta con don Luis Aves? ¿Y a quién le ta con don Luis Aves? No, señorita, en el momento él no se encuentra como para qué sería. Sí, lo que pasa es que esta mañana hable con él el nínvico que lo llamaran este horario. Usted habló con él y él le dijo que lo llamara como en este horario. ¿Y eso como para qué sería, señorita? Sí, él se va a hacer caer una información del banco Bogotá. Ah, del banco Bogotá. Bueno, chica, las que en el momento él no se encuentra, ven mami, ven. ¿Y a qué hora él lo puede llamar? Bueno, señorita, el cebo por allá a ver una entrevista de trabajo, no sabría decirle. Bueno, sí, señorita, muchísimas gracias, señoría Mábrez. Bueno, sí, señorita, hasta luego."
0c6ada7d-d8c5-4840-ae79-0d8d573183dc.wav,humano,140.74,"version de el specimen. Hoy ellama en una recommendations me scholarshipó la Después del tono, grave su mensaje. Su grabación llegó al tiempo límite para evitar marque 1, para enviar marque 2, para las opciones de entrega marque 3. Para editar marque 1, para enviar marque 2, para las opciones de entrega marque 3. Adiós."
0d2d37dd-38a4-40dd-ac62-b430f722ed57.wav,humano,589.0,"Bueno, buenas tardes. Buenas tardes. Sí, me comunico con el señor... Sí, señora. Como está, me comunicó en el partido de actores y... ¿Dónde finalizan un record de autoridad para ocupar el día de mañana? Esto, señorita, es que ustedes me llaman y me dicen... Y yo me quedo esperando a donde tengo que ir a hacer el pago. Me dicen que me envían a... Y nunca me llegan a... Es decir, ¿el acuerdo que ese gestión no le lleva a su correo electrónico? No, señora, a mí no me llegan a ni al correo ni a... Permitamente, desde en este momento, sin... En línea, le indicó que tenemos el correo activo... No lleva 84 robajimeal.com Sí, señoras. Entonces permítame que se me muese un instante seleccionando para hacer el envío de manera automatizada. Por favor, reíso a ti, les de iguales pan o directamente a su correo correspondiente. Ya reíso. Permítame, por favor. Permítame si se lo muese. Ya me está cargando el sistema. ¿Y por qué lo envían a... Permítame, entonces ya voy a solicitar el respectivo envío. Ya le acabo de enviar a través del correo electrónico el acuerdo. El acuerdo va a remitir como el acuerdo que el correo electrónico le lleva a su correo electrónico. El acuerdo va a remitir con fecha que se va pues para el 31 de julio, pero como se portegó para el 15 de agosto, se les mantiene esa fecha en el sistema. Sí, pero ¿sabes la cuenta que había nos quedado que eran 350 y lo otro restante? Claro, sí, señora, dos cuotas. Mmm. Se envió a dos cuotas cada una de 350 mil pesos. Sí, señora, ven y a mí no me hacen más rebaja. Pues ¿qué pasa? ¿Cómo ese valor ya se pasó? ¿Cómo tal directamente acomité? Es el valor que ya se ha aprobado y prevé aprobado desde el mes de julio. De hecho, la acordeza es el 31 de julio y se le ha sostenido hasta el mes de agosto, hasta el día de mañana, 15 de agosto, desde el comité que se aprobó. Eso pasa por gerencia. Entonces, por eso se le ha sostenido la misma alternativa de pago. De los 350 mil pesos. Sí, señor. ¿Y a dónde puedo ir a cancelar eso? Directamente en el acuerdo se le va a emitir en la segunda página el portal de pago directamente de Logros Factor, donde si usted lo abre el acuerdo directamente desde su celular le va a dar click a la página 2 y lo va a remitir directamente al portal de pago de Logros o va a ingresar al... Perdón, perdón, acá ya lo estoy mirando. Y le estoy dando para abrir y me dice, la descarga está inhabilitada. Permítame. Por eso yo le digo que me lo envíe en el correo porque es que ahí no mide, no me dejo abrir. Listo, permítame, entonces ya voy a solicitar. Ah, sí, entonces se le va a remitir y se le va a prosiegar la fecha para el día mientras resolución la permita. Para el día martes 18 de agosto la fecha de pago, listo, para nuevamente remitírselo hoy en horas de la tarde, remitir el acuerdo. Ah, ok. Pero entonces que me llegue porque, o sea, la otra vez me quedé ahí esperando, yo no tengo a dónde llamar porque no, ustedes no tengo un teléfono y es donde llamar. Ese número que usted me está llamando me dice que es un número, pero ahí no me deja volver llamar. Entonces ya, ya le escribo a través de WhatsApp, le voy a validar como una notificación de recordatorio para tener un número y a través de ese WhatsApp usted puede comunicarme si había llamado a... Ok. Listo. Listo. Listo. Entonces no quiero más, pero el acuerdo no se lo deja abrir, ¿cómo está? No, no me deja, dice que ese archivo no se puede abrir, está enabilitado, dice que está enabilitado. Ya acuerdo, permitamente ya gestiono con el área encargada para poder habilitarle un nuevo acuerdo. Mire dice, la descarga está enabilitada para proteger tu información, se habilitó la descarga de archivos a juntos, pero no me deja abrir, le voy a aceptar y no me deja ver nada. Ah, perfecto, permitamente ya solicito para que les actíe el diamarte nuevamente, reactíbarlo para brindarle la acecha de par, para el diamarte. Ok, bueno ok, pero por favor, entonces que de fecha, porque acá me está operando. Ya le sé acá remitiendo a través de WhatsApp, ya le voy a remitir a través de un mensaje para tener un número y que usted se pueda comunicar. Si, porque, qué va ahí esperando y después dicen que soy yo la que incumplo. Dice señora, permítame. Ya le sé acá abilitando el número. Bueno, así es, entonces ya le voy a enviar el mensaje para que tenga mafia del número y hacer la gestión. Permítame. Le voy a enviar como un estilo recordatoria de pago con la fecha del 18, listo? Mientras logramos solucionarlo y lo acuerdo, porque sí, una vez que la gente la información aparecía activo, pero el archivo usted no se lo deja descargar y entonces voy a... Listo. ¿Listo? Ya estoy acá, permítame. Listo. Listo, le acaba de remitir el mensaje de enxxx, entonces a través de enxxx podemos tener la comunicación directamente, listo? Listo. Listo, señor. Entonces muchas veces por haber atendido mi llamada, ya me voy a ir con la fecha de pago en el sistema, listo? Y voy a remitir. Una pregunta, si yo logro conseguir los 700, los puedo pagar de una vez? A la otra de lado. Pues si usted gusta ese... Vamos a hacer algo, gestione porque qué pasa, si yo llevo a pasar el acuerdo por dos cuotas, qué va a pasar? Como es un sistema, ese sistema utilizado pudo ver que el acuerdo tiene que ser o sí, ser sobre la fecha, acá parece a tío, pero si el archivo no la deja ingresar. Sí. Bueno, como está dos cuotas o se llega a conseguir los 700, pues si se llega a como tal, a pagar, le quedaría pues faltando una cuota. Entonces al momento que solicita el PASI Salvo, tienen que aplicar el pago y es un poco más ardido el proceso. Entonces sería... Pago las dos cuotas, una ahorita el 15 y la otra el 30. Del mismo mes de agosto? Señor. ¿Pago genera el pago en el mismo mes de agosto de los 700, sí? Sí. Oye, ¿sabes qué? ¿Para cuándo quedó la otra cuota? Es que como se permitan, es que se ha quedado para Julio y la otra era para Agosto, pero entonces se puede nuevamente solicitar el acuerdo a una sola cuota de los 700 mil pesos. Si le parece mejor. No, porque, o sea, no está seguro, por eso le decía. Porque no estoy segura si los consiga. Pero entonces la otra cuota que había para cuándo? Sí queda dos cuotas. Permítame, ya le he valido la información. ¿Qué haría para el próximo mes sobre la misma fecha el 15 de septiembre? Pero bueno, listo. Si se logra conseguir el valor... No, sí, sí me sirve. ¿Le sirve mejor así? Sí, sí, señora. Listo, listo. Entonces, en ese orden de ideas, vamos a gestionar el proceso para no me interactivar y el acuerdo, listo? Bueno, listo. Bueno, entonces quedó muy atenta, ya le envíe un mensaje de agua para tener una comunicación más directa y ya modificó acá el sistema la fecha de pago para el 18. Entonces me solucionó como tal lo he envío el acuerdo, listo? Listo, ok, sí, señora. Bueno, hasta luego. Hasta luego. Hasta luego."
1c72dd55-acbb-4ebe-a4d7-446cc294a4a1.wav,humano,223.74,"Aló. Buenas tardes señor, usted habla con la de es嫦adita su un mil y un doscientos veintinueve mil pesos. El día de hoy tenemos opciones de pago para que usted quedara con su obligación. Tenemos una opción de pago con descuento, un pago único de mil y un cincuenta mil pesos y usted quedaría con sus obligaciones. O puede pagar a cuotas pagando el total de su deuda. ¿Cuál de las opciones de pago? ¿Cuotas? ¿A cuotas? Sí. ¿De acuerdo? Permita un momento, ya ha valido en cuántas cuotas nos dejan dividir. No lo dejan dividir en tres cuotas en millón, doscientos veintinueve mil pesos. Cada cuota le que haría por cuatro cientos diez mil pesos. ¿No me quedé imposible para reunir ese monto? No. No, no, no, no. Me queda imposible para reunir ese monto. ¿En qué se puede que se pueda? Esas cuotas máximas que no nos dejan dividirse. ¿Cuánto se podría comprometerte a pagar mensualmente? No, no, no. Ahorita sería por tres mil pesos. ¿Se podría comprometer a pagar mensualmente? Pues el monto si el mil tres es mensuales. Para poderlo pasar por comité por lo menos uno doscientos mil pesos a ver si no lo aprueba. No, no, no. No, la verdad, no, no, no, no. No tengo, no tengo capacidad para todo, para ese monto mensual, para que me comprometo para quedar mal. Comprendo. Voy a pasarlo por comité. Me estaría comunicando nuevamente. Bueno, si es tan amable, me escribes por, por bien porque es que mantengo a veces como ocupado y no les contesto cuando me llaman, yo. Comprendo. Sí. Entiendo. Yo no paso. Y si no me contesta por vía de, por este medio me comunico. Le doy la respuesta. Listo. Muchas gracias. Si nos aprueban el pago de cien mil pesos para cuando se realice sería el primer pago. Para el máximo el quince, este mes de julio. El quince de julio. Perfecto. Sería los quince de cada mes. De acuerdo. Gracias. Por acender la llamada, recuarte que la hablo mariza. Tengo una excelente tarde. Bueno, muchas gracias. Hasta luego."
1e3beb83-824b-4ad5-8483-f4ff6ea3c05e.wav,humano,158.0,"Buenas tardes. Buenas tardes. Buenas tardes. Buenas tardes. Mucho gusto a la Cui Maria. Como 50 al día de hoy. Bien, y usted. Bien, gracias. El día de hoy me estoy comunicando referente a un compromiso de pago que usted tenía para el día 15 de agosto por 60 mil pesos, según su obligación. Estamos baleando en el sistema de la Cui Maria. ¿Se realizó este pago? No, no, en el momento te van a la realizar. Comprendo, señor Alejandro, por qué motivo? Porque no puede conseguir la plata porque estoy desempleado en el momento. Señora, pero esta es la por temería de que usted quedaría con su obligación. Yo son 60 mil pesos y ya quedaría a paz y salvo. ¿Son cuántos? 60 mil pesos y... Ok, ok. Nosotros a su WhatsApp como su correo eletrónico enviamos el acuerdo de pago. ¿Se recibió ese c***? Sí, sí, yo sí. ¿De acuerdo se c*** realizaría el pago el día de hoy? No, sí, como le digo, que se desempleó me... no es que le trae difícil en el momento. Comprendemos el c***, pero usted le aplicó un descuento sobre el valor de su deuda y con sólo 60 mil pesos que haría el día para cuando se podría realizar ese pago para no pierdar los beneficios. ¿Será que nos podría pagar 30? Que le paguen a mi hermanito y yo al igual que nos preste. El c*** por el 30 este mes. Comprendo, si c***. Corremos la fecha para el día 30, pero es importante dar un cumplimiento el día 30 de agosto a este acuerdo de pago porque si no ya se cancelará y usted pierderá todos los beneficios que hay reportados de centrales de riesgo, si c***. ¿Listo, Alex? C***. Voy a correr su fecha para el día 30 de agosto y quedó pendiente el soporte de pago, b***. ¿Listo, Alex? Perfecto, si c***. Que tenga un excelente día. Gracias, Lomino. Gracias, hasta luego. Hasta luego."
1f5cda00-bbf3-4770-97dc-99760ddadc1b.wav,humano,145.0,"¿Para qué le dices? Buenos días. Buenos días por favor. ¿Solicita? Sí, es que necesito para administrar la información necesito saber si se ensn***. ¿Se está hablando con él? ¿Y ni qué llama? Sumerse, lo que pasa es que lo que le digo es tu información, que está bajo la reserva legal Pumela la ley 1581 Entonces no le puedo suministrar información a terceros Hablo con ese... Por eso pero de qué me van a pedir información o no bien? No, no, no, no, yo no le voy a pedir información Le voy a dar una información ¡Giaba con... ¡Giaba con... Mucho gusto, le está hablando Daniela Yo me estoy comunicando de... ¿Cómo se encuentra el día de hoy? Mmm... bien Sí señores, que lo sé llamando precisamente por el tema de su obligación pendiente ya que la fecha no registró un saldo total de 672.584 pesos y la idea principal pues en este caso es poder llegar un acuerdo de pago, bien sea por la totalidad o pues pagar ese valor en un periodo máximo de tres cuotas quisiera confirmar con usted si se encuentra interesada una acudir de esta oportunidad para poder solucionar el saldo total y esta oportunidad para poder solucionar Sí, sí, sí Sumerse realizaría el pago total o en dos cuotas cuénteme cómo le interesa ¿Y a dónde se encuentra la acudir? Señor Ahora viene una acudir En una acudir y cuando realizaría el pago de los 672.650 pesos Voy a pedir otra semana a la agua La otra semana La otra semana, sí Listo, perfecto, sí señor ¿Cómo fecha el límite de pago el día viernes 21 de agosto para el pago total de la obligación? Sumerse quiero confirmar para el tema del entorno del acuerdo de pago formal su correo es un un un Listo Sumerse Entonces en ese orden de ideas de correo le va a estar llegando la información Igual el día mañana me comunico con usted para confirmar el tema del acuerdo de pago Listo, ni el"
2a92a64c-6ea8-48a0-b47a-445a3c577199.wav,humano,626.0,"Música Música Buenas tardes Buenas tardes Por favor, ¿me analizaba el palico chamorino? ¿Qué le ha necesitado? Me analizaba el mucho burro, le habla a... Si no, lo estoy analizando, le resgunecemos Necesitamos, eh, actualmente, si compramos la cartera, de soluciones, de mentes con... ...en su encuentro de atarde de hoy Señora Reconectemos de su mentidad, que compra cartera Nosotros compramos la cartera, de estos créditos, de mientes con... Sí, señora Entonces, ya estoy llamando, ¿puedes llamar esa obligación? Porque, evidentemente, lo hicieron en el puerto de pago en el proceso virtual y pues, se las asoció el senero con usted dicho acuerdo, solo por una de las obligaciones que, pues, en este caso, sería para un pago único y un gen de peso La idea de esta llamada o el motivo es para valirte si no decides a realizar, porque la acorde por una de las obligaciones en este caso sería la tarjeta de crédito o esa que verifiquemos por ambas obligaciones Es que, oi, no, eso es un... un complique, porque me llamé el uno, me llamé el otro y yo no tenía quien creerle la verdad En la semana me llamaban más de cinco personas diferentes ¡******! Entonces, pues, uno ya no sabe ni qué Y el otro me hablaba que, por ejemplo, el acorde pago yo, por ejemplo, le dije tan raro que supone que me llaman quebo 50 y peguele 60 uno me dice en qué 50, otro que 60, otro no sé cuánto y usted me viene a decir que por el crédito que yo tengo con *** es un millón de pesos, o sea es rarísimo que sí que era un millón de pesos y que... o sea, no, que desinformación No, señora, ya tanto, lamento, ya pronto los cinco minutos que se me han presentado en el proceso de acorde de pago pero lo que pasa es que nuestra gente realizó el acorde de pago solo por una de las obligaciones que actualmente están por un saldo total de un millón de 148.855 esta es la obligación de la tarjeta de crédito que se nos detenía pendiente con el banco de *** y pues ésta se está manejando una campaña de cuentos donde la distorsión será el valor del millón de pesos y curiría la totalidad de crédito pero no se hace falta o pues en este caso le falta a la gente realizar el acuerdo sobre el crédito de lebranza que sube ser manejado este crédito es una totalidad a pagar de 45.964.571 pesos y sobre este crédito sobre el cual pues estamos paliando para poder negociar el acuerdo de pago y usted gusta unificar ambos créditos para hacer el acuerdo de pago yo le puedo hacer un acuerdo de pago por las dos obligaciones que les van actualmente 47 millones 13.426 y estas obligaciones nos manejamos la política de descuento donde usted podría cancelar el valor de 24 millones de pesos cerrados y un 24 millones de pesos que le generarían los respectivos pases salvos y se llamar reporte negativo en centrales de verbo y pues evitaría el tema de que lo estén llamando con esta manera no usted se me hace interés acudirte por las dos obligaciones o si pues desde continuar con el acuerdo de pago que realizó con nuestro agente sobre una de las obligaciones Mine su merce yo como le he hecho a todos los que me llamo yo no tengo un empleo yo no me puedo comprometer en estos momentos como le dije al último no exante pero el último que me llamo que él me dijo que no se ni en cuanto quedaba y que me llamaba a fin de mejar porque yo le hablé a él de que estaba esperando lo de un concurso que se ven las cosas entonces yo le llamo el 31 agosto para ver como cuadramos como arreglamos porque la verdad como le digo yo no me puedo comprometer porque yo no puedo quedar mal yo no puedo quedar mal porque yo no tengo el dinero debajo de la almazda yo no tengo plata si yo tuviera plata si yo tuviera un empleo claro yo una vez decía bueno hagamos el acuerdo por tanto porque pues igual no puede también proponer si de acuerdo a las entradas que uno tenga pero en esos momentos yo no puedo hacer una contrapropuesta porque no tengo el recurso si me hago entender yo entiendo la idea principal de esas maneras pues negociar se me dice que pronto no cuento para hacer o pago la totalidad de la obligación yo la entiendo uno a veces no tiene bajo el coche o guardados 20 millones de pesos pero si en cuanto podría pagarme suelmente que usted diga yo me comprometo a pagar ya que no se las acuerdo de pago sobre la totalidad de la obligación dejándole pues un valor de los correspondientes y eso que me estoy arriesgando hasta incumplirle porque yo no puedo pagar más de 400 millones mensuales porque es que yo no tengo un sueldo fijo yo hago refuerzo, yo hago clases dirigidas yo soy docente, yo soy de desemplea y que hago yo digamos yo hablo con los profes para los muchachos que han atrasado hablen con los papás y me los envidien a la casa y yo por niños cobros son 100 mil pesos en estos momentos cuento con 5 niños son 500 mil, todos esos mensualmente entonces a mi no me da para pagar la vez pasada me decía yo tenía que pagar una cota como mínimo de 1.7 millones o sea un mínimo ni siquiera yo me estoy ganando un mínimo de donde voy a sacar un mínimo bueno, solucionamos por una de las obligaciones no porque pues de pagar yo tendría que pagar todo igual a carnetelo que menos me preocupa a mi podríamos hacerlo siguiente el crédito mas grande yo se lo puedo diferir en cota digamos que el crédito mas pequeño se lo podría diferir en cota si usted logra conseguir pues ya lo considero exactamente a ver si le alcanzo a dejarme 400 para que usted vaya cubrón crédito y después miramos el crédito mas grande o sea yo la entiendo como si no pueda hacer el pago de todo pero en tu alimento el crédito mas pequeño tiene corrientes moratorios gastos de cobrancias en horarios y lo voy a contar por la entidad de capital para que me pague 2 cotas de 320 mil pesos sobre el crédito pequeño y ya después de cancelado el crédito pequeño verificamos para poder generar el acuerdo sobre el crédito grande no se si le parezco ser de opción me parece pero pues no se que tan legal sea que yo termine pagando los 600 y algo y me digan que no que sigo con la misma deuda no, su meso yo a usted le envio un acuerdo de pago formal por una de las obligaciones que es la obligación de la tarjeta de 174 de la tarjeta de 3 yo le envio a usted la fuerte pago formal usted realiza los pagos dentro de las 8 establecidas y cuando se unalice pues con esos 2 pagos retomamos entonces nos vuelvo a comunicar y miramos de pronto para decirme que políticas de desconto manejamos el crédito grande o si miramos el tema de cotas para el crédito grande pues me parece perfecto, me parece viable si la verdad no perfecto porque pues me toca mirad que como hago pero igual de todas maneras yo cumplo pero entonces que sea algo muy serio y que yo pagando las 2 cotas como su merce me lo está poniendo porque yo mas sacrificar como le digo para conseguir la plata porque yo no estoy trabajando yo no tengo un trabajo fin yo debo el reús que digo el otro diéndolo vulgarmente entonces lo único que espero es que cuando yo pague esas 2 cotas bueno yo pague esas 2 cotas y mi merce listo aquí esta opa si salvo que hemos listo con tarjeta y miremos entonces como hacemos con el crédito grande porque yo tengo toda la intención de pagar pero pues las cosas no se me han dado claro senor Elizavete, entiendo y pues de antemano esperamos a que se le pueda solucionar lo más pronto el tema de los 5 menores que ha venido generando senor Elizavete, quiero confirmar con como el futuro podría hacer el pago de la primera cota ahorita el 15 de agosto pues su merce yo estoy esperando que me pues no se si alcanza el 15 la verdad porque no le no me lo pueda poner otro dita más el antico para no quedarle mal para que fecha, para el 20 25 si pues no para el 20, yo para el 20 si para el 20 creo que puedo tener porque ya si para esa facia ya se cumplen varios refuerzos como si más o menos se cumplen los 5 que tengo entonces si alcanzaría para el 20 para el 20 de agosto, listo pero si para el 20 de agosto digamos que el motivo principal de la que marco también era informarle pues que sería sobre solo una de las obligaciones primero pago para el 20 de agosto y el segundo pago lo generaríamos para el siguiente mes el mismo dia el 20 septiembre pero es que el 20 no cae, bueno si el 20 es un domingo ah no fue entre el 21, el 21 en la mañana o el mismo el mismo 20 si se puede pues pero hay como sería para cancelar en quien pidamos si, yo la voy a ver, el 20 de agosto y el 2 de agosto ya se la vuelve y el 21 es anualante para el 20 si, si, si señora si, si señora listo, entonces acá ya que para el 20 de agosto, pero el 20 de septiembre 2 cuotas por el valor de 320 mil pesos si señora bueno si me siento yo la voy a ver el acuerdo de pago por whatsapp y cualquier cosa por eso me yo estamos volando ah bueno listo, hagas un beso, van muy severos bueno si para ti no me gusta el que tu me lo pones para estar muy bien bueno igualmente, bueno hasta luego"
2b377b6a-4fa1-4910-8d68-9ee05f7c302a.wav,humano,195.0,"Buenas partes. Por favor, las c**** per tomo. Buenas partes. Por favor, las c**** per tomo. Me alegra que se encuentre bien. Le quiero informar que a la fecha registro un saldo de 97920 pesos. En esta oportunidad estamos manejando la opción de que genere la cancelación de eso 97920 pesos. Entre las cuotas. Quisiera confirmar si se encuentra interesada en la cursa esta opción. En cuántas cuotas? En tres cuotas. Si, ni hagan. Sería que hayas mezamado por este corso. Quiero que me sanas en un descuento para que quede en 700 y algo. Y lo mismo en tres cuotas. Sino que ese corso y no puedo volverme a comunicar. Compré c****, pero lamentablemente digamos que hay dos opciones de descuento. Ya ahorita no se encuentran disponibles en nuestro sistema. Lo mínimo es los 977920 pesos. ¿Qué pagando serían tres cuotas de 326,000 pesos? ¿Súmero se podría pagar esta cuota para cuándo, para el 25? La primera sí. Entonces serían 326,000 todos los 25 de cada mes. En esta oportunidad voy a confirmar su correo electrónico, esperdomu, a26alobajime.com ¿Y se llegan? A ese correo le va a llegar el acuerdo de pago. En este caso para pagar a cuotas mensuales. Para que por favor visualice. Yo le voy a escribir a su merced por whatsapp. Y a ese mismo whatsapp su merced me escribe. Me confirma que le llegó el acuerdo, ¿listo? Vale, y a qué cuenta de pagar? Dentro del acuerdo de pago se le especifica cuáles son los medios de pago. Aquí mismo pues nos manejamos la opción de pago para que su merced pueda generar los respectivos pago. ¿Listo? ¿Listo si señora no se si tenga alguna duda adicional? Listo, perfecto. Primera cuota a 25 agosto, segunda cuota a 25 septiembre y tercera cuota a 25 octubre. Cada cuota por 325 mil 973 pesos. En este caso pues le agradezco mucho por haber atendido mi llamada. Y le deseo que tenga un excelente abrazo y tal. Que se muy bien. Hasta luego."
2d454b7b-9f12-4acb-8101-d3ba74bb84ff.wav,humano,580.08,"A lo. Buenas tardes, no es común que con el c******. Sí, señoras. C****** como está, yo hablo en la dinaria de consideración de crédito para c****** y representación de su ligación pendiente c******. Gracias. Bien, señoras. A mí se me olvidó pagar eso. Yo tenía su pendiente falsa, ¿no? Sí, señor. Yo en ese momento, pues, por esa razón me comunicó con usted, porque al que comité me acabó de informar de que la alternativa c****** que se tenía con el descuento ya fue navillita, es decir, a rechazar por la c******. No, no me pasó. Entonces, ahí hubo otras cosas. Conprende, en ese momento, pues, le están proyectando una nueva conciliación donde para cubrir el pago de las dos obligaciones para c******, sería por un monto aproximado de 837 mil pesos. Con tu pago. Sí, señor. Si usted gusta, pues, desde pago lo puede realizar. A un solo contado se le puede diferir a dos contados, si le parece mejor. No, madre. No se puede dar nada ya. Se me dan 650. Sí, pero es de esa disposición hasta el sábado, si? Estuvimos a tanto de comunicarnos con usted, pero no se logró un contacto oportuno, si? Y adicional a eso, pues, entonces, comité mi informatriz y ahí ya se inabilitaron esas propuestas. ¿Qué pasa? Esas propuestas de pago son para un término de tiempo de vencimiento, es decir, estaba disponible para jueves y sábado se venció el sábado, ya no se la van a invitar más. No, si, es que yo te había dicho la señorita que me programara después del sábado. Sí, yo tenía la pleta. Sí, claro, sí, señor, yo comprendo. Pero, a verdad, la verdad, eso me pasó. Comprendo, sí, señor, ya sería que, pues, ya usted me indique, de momento, porque, pues, igual, toca hacer un retroceso, toca hacer un reproceso, nuevamente, con el área encargada, ¿por qué? Porque, pues, ya el valor que me están solicitando es el pago total. Claro, está, se descuentan, pues, de cierta manera, intereses, y, pues, ya con 837 mil pesos aproximadamente se ciaría totalmente a pasisaljo, porque son dos obligaciones. Una es por una delanto de no, ¿no? Yo soy consciente de cuál es la situación. Y tarjeta de c*** se negocia en las dos obligaciones, dando un ponderado de 837 mil pesos. Es que yo, más que más, el que haces es el c***. Me ha pedido toda la información, yo ya me dure dos semanas en el proceso, porque no sabían ni siquiera dónde estaban mis cuentas. Bínicamente es de c***. Sí, señor. Entonces, hasta la semana pasada, que, pues, puede tener contacto con usted, yo leí a la señorita que me comprometía para el tal ocantrezo, pero la verdad, la verdad ya me lo pasó. Sí, claro, yo... O sea, me la mando para pagar los mismos 650, pero es por hoy mismo. Es que... Me hacía el maldito caso. Es que ya, ya, yo ya presenté el caso, pero, pues, ¿qué pasa? Ese tema comités y mis vigiles, o sea, como otra entidad, sí, pero ¿qué pasa? C*** son muy rigidos en ese aspecto, en cuanto a los descuentos. Entonces, ya, al día de hoy, pues, está inhabilitado toda posibilidad de negociación, por eso el título de la celebritera, pues, es cumplimiento sobre la acuerda, porque ellos sí son muy rigos en cuanto a temas de c***, temas del descuento. Ya sería la... En lo que lo puedo colorear es tomarle ese valor y sería, pues, pagar 650 y, pues, el restante para el día de agosto, si le parece mejor. Es que me queda muy disminuido. Sí. Sí, o le quedaría cada cuota aproximadamente en 418.500, aproximadamente. Si se le infiría dos cuotas. Es como la alternativa sin la que yo le puedo colorear o la que comité la mediña de establecidad para su crédito. La verdad, si no me alcanzo... Encontaba con esa... La verdad, si no me alcanzo, encontaba con esa plata para las necesidades de salida, pero, pues, si no se pueden estos momentos, me tocará solucionar primero una que tenga con la cooperativa de la universidad, que será después de salir de ella. Sí, lo que pasa es que ya ellos, como tallos, son muy ríos, y es el tema de descuento, c***, actualmente ya inhabilitaron toda posibilidad por mucho incumplimiento con los clientes, ya inhabilitaron toda posibilidad de descuento, ya lo que resta del año y ya, aquí para el antes, ya c***, no se van a aplicar más descuento. Es la nueva orden que nos dieron, que estuvimos en la reunión. Y, pues, de hecho, el día de ayer también no lo reiterabse. Entonces, esa p*** da la opción de que usted pueda diferir este beneficio a un máximo de dos cuotas, o se le puede colaborar a un máximo de tres cuotas, cada cuota le quedaría en 280. ¿Para qué? Para que se sostenga el valor sobre este valor que se está tomando el día de ayer, para que la verdad sea que entre más tiempo se halla de pasar, por los intereses van incrementando, junto con los honorarios de coraz. Entonces, usted, pues, es una... Quiere estar aquí, pero... La verdad, no me sea muy complicado ya pagar este valor. La verdad, estoy solucionando con todo el mundo, que no es la única entidad con la que estoy en estos momentos con un compromiso de un doble y con una... Mi rigido, mi rigurosa en este tema, y en vez de ir disminuyendo la obligación, va incrementando el momento que usted vaya a presentar una propuesta de pago, por lo que... detectó un incumplimiento, pues ya no le va a visitar las mismas opciones de pago, ya va a ensorer saldo total y se lo va a debilitar esa cuota. Es la realidad... Pues igual ya reporta, o estoy ya, que más me pueda de la pasada. No, es una... Dejámalas y pues en el momento en que haya otra oportunidad de cancelar, pues era... que pues en el momento ya la universidad me había una respuesta y pues me dieron un 60% después en la deuda que tenía, entonces va a pagar mil 4,100,000 o algo así. Esa es la parte que se va a presentar. Entonces, voy a tratar de cumplir con ellos. Oya sería... Oya sería ese... colaborarle. Voy a pasar. Ahorita tenemos un comité con ellos y pues es poner su caso y que usted dado caso que sea probada, pues, usted contaría con esos 600... Bueno, fue la ofertemiscia que se le otorgó con el dinero disponible que usted tiene en ese momento para que usted pueda generar este pago para el oción en filera, el pago durante el mes de julio, dado caso que sea probada y que no se vaya a ver el incumplimiento. Claro está. Ok, sí, lo que pasa es que como yo me la apasioné a su momento, entonces me queda muy difícil también salir a pagar, pues efectivamente yo le había dado la plata también, y eso se paga a actualizarte para vos. Y a mí se me olvidó recordarle a ella, pues, ya también vivencios, cosas así. Y también a Arcella después como el lunes. ¡Vaya! Comprendo, bueno, se presentaría esta excepción para validar comité que nos indica nuevamente una excepción especial, diferente pues azucado y ya usted para que ya se haya generado el pago dado que no se haya probado. Esa es la excepción el pago en media. Me dice que me da luz, se benefició nuevamente en la excepción de esta semana el pago. Esa es la excepción. Más que un... Más que un... el 31 de julio, ¿sí? ¿Qué era? Listo. Entonces yo voy a hacer como también reposición la excepción para validar ellos que nos indican. Si nos aceptan, no nos rechazan la... O perdón, nos den una contra propuesta que se hacer que al valor inicial del valor indicado... ¿Cuál es el número? 24, 70, 70, 70. Listo, señor. Entonces yo voy a validar en el sistema para poder proyectar la excepción y pues estaría... ¿Listo? Bueno, señor. Quedó atenta. Por favor, me confirma su correo eléctronico. Sigue siendo el que me habilito. Permítame, el grupo de aparatos en el correo eléctronico. ¿Mellanés? Sigue siendo el que tenemos registrado. ¿Qué es el número? ¿Qué es el número? ¿Qué es el número? ¿Qué es el número? ¿Qué es el número? ¿Qué es el número registrado? Acá inicialmente. ¿John Mora 4422 arroba2000.com? Señora. ¿Listo, entonces realmente es el correo? ¿O prefieres el envío? Acuerdo, de ocasiones acuerdó en este... ese comité por correo. ¿Qué WhatsApp mejor? Pusimos 24, 3 correos. ¿Listo? Entonces en el caso de un momento no se va a presentar nada más. ¿Qué es el número? ¿Qué es el número? ¿Qué es el número? Bueno, si es el número que nos ve."
2e50e9db-53c9-4472-ad05-1ba1032dd707.wav,humano,120.68,"Bueno, buenos días. Tengo el gusto de hablar con ese... Con él? Mucho gusto hablar con él. El valor es como 50 días de hoy. Bien, bien, era gracias. Estoy comunicando para informarle que ha ocurrido el electrónico... Yo a jodmy.com fue enviado el acuerdo de pago de manera formar. Por favor, me confirma si usted recibió el acuerdo de pago. No, lo he visto el correo porque se... Le tocaría rezar porque estoy como... Yo soy con la cabra, ¿verdad? No tengo la isoluidad en rezar. Comprendo porque ese compromiso de pago estaba para el día 25 de julio por millón, 270.500. Bueno, escucha. Y yo hablo con la gente porque si yo necesito ponerle a país a poco con usted... Para solucionar el tema de todo, de ataque y de todo. Claro que sí, señor. ¿Verdad? Sentí a que verificara si le pido el acuerdo de pago y quedó pendiente del soporte de pago al día 30 de junio. Para poder sostener el acuerdo de pago. Sí, no, es como en este momento... Soy de viaje y estoy con... Por acá, mejor dicho, como se dice, mirando cómo hago hasta para poder llegar. Comprendo, pero si entre en el año 30 y podría realizar el pago... Podrían llevar más tardecito para poder comunicarme bien con usted. Comprendo, también podrías comunicar dentro de una hora ese... Listo, al menos para yo ubicarme porque estoy sin carretera. De acuerdo. Que tenga un excelente tarde."
306c762c-73a1-4690-962d-53f1a14f05b6.wav,humano,131.76,"¿Qué tiene un peso? Buenas tardes, están amables por favor. ¿Qué, señora? Las en… por favor. Ella no se encuentra de este momento, ¿por qué sería? De acuerdo, están amables por favor. Le informa a quien nos estamos comunicando de crédito para eso, referente al crédito que tiene con la entidad. Sí, señora. De acuerdo, el indica por favor que es importante que se comunique a la línea para evitar el proceso jurídico que ya yo… ya vamos a empezar, ¿correcto? Mira, lo que pasa es que ella misma va, ¿sí? Sí, señor. Y desde diciembre nosotros hicimos el acuerdo de pago y cancelamos ese pago desde diciembre y todavía me siguen… siguen llamando por esa cuestión. De acuerdo, están amables por favor. Me remite el acuerdo que realizaron y los soportes de pago a la siguiente línea de WhatsApp. Los propiedades que había enviado 50.000 veces aún no nos… Y nunca nos dan razón sena. Y siempre me voy a llamar a por lo mismo. Diciera que fuera algo más eficaz. Claro que sí. Yo ahí ya lo acabo de escribir para que por favor usted me remita eso. Vamos a… Y le envío entonces ese… para que soliciten el… y salvo. Ahí es el número de… que me escribió. Le envíaba ese soporte muchas veces y nunca ha hecho nada. Pero lo que pasa es que acá no me está registrando. Yo tengo las conversaciones anteriores y no me está registrando. Luego enviar a este mismo número, ¿sí? Sí, sí, señora. Esa misma línea… por favor. Yo ya le envío el… para que también usted lo diligencie y por favor solicite salvo. O ya ustedes tienen el… y salvo. Ya… ya desde que… Dice que para ahí salvo desde… y si lo tenemos. Entonces… De acuerdo. Quiera que actualizaran información con él. Perfecto, sí, señor. Queda muy atento entonces, ¿de acuerdo? Ya le he revivido los este WhatsApp. Gracias. Que tenga un excelente día. Hasta luego. Bueno, hasta luego."
336a8602-1b56-4ca6-9dcc-7491b9a92a8a.wav,humano,76.0,"A lo buenas tardes. Por favor, sí, con ella. ¿Cómo está le está hablando Daniela? Me estoy comunicando de solución. El tema de un compromiso de pago que se tenía paga en 30 de junio por 300 mil pesos es que el pago no me ha mexicano el sistema que se la confirma con sus meses y pudo realizar el pago. Sí, señora, lo que pasa es que no me pude hacer el pago porque se me presentó una calamidad. No pude. Comprendo, señora Daniela. Bueno, entonces en este caso, ¿cuando realizaríamos el pago? Pues yo no tengo programado para realizarlo el 15, pues porque como no pagan 15, algo así es por eso. Para el 15 de julio, ¿correcto? Sí, señora. Perfecto. Vamos a dejar a cada otro sin el sistema. Si la consumimos con su vez y en el presente de los medios de pago, ¿gustaría que le envíe la información de los mismos? Dice, si, señora. Sí, me lo puede enviar, por favor. Listo, es el mismo número. Sí, si, señora. Perfecto, señora. Entonces, les quedo atento al envío. Descomprendo, te la agradezco por haber atendido mi llamada. Bueno, si, señora, muchas gracias. Bueno, el calor."
380f5075-47be-435f-b595-7e2c48dbb21b.wav,humano,74.0,"Bueno, a tarde. Buenas tardes, por favor. ¿Es un ****? Sí, con él. ¿Cómo está? Le habla Daniela. Me contó. Reconnectemos por el tema de su obligación con el van **** ¿Cómo se encuentra el día de hoy? Sí, pero nunca me llegó la de su amiga WhatsApp. Yo no sé si la gente sabe o no, pero no sé si no. ¿Sómenes de piso con el bien? A este mismo número. Acá estoy bien. Ya ahorita revisó porque no no vi. Sí, ahí está el acuerdo de pago formalizado. Igual yo ya le voy a escribir nuevamente por WhatsApp porque la idea es que quede cancelado dentro del tiempo establecido. La fecha límite de pago es mañana quince. Lo estamos llamando para recordarle el compromiso de pago. La fecha límite de pago es de 281 mil 36 pesos. Son 18 cuartos y la fecha máxima de pago sería mañana, pues en horas de la mañana, porque recordemos que esa está a medio día establecida como tal la gestión para poder hacer los pago. ¿Listos? Listos. Yo le voy a escribir nuevamente que he dado a tenta al envío el comprobante de pago. Que tenga un excelente tarde. Buenas ****"
38482ca0-4501-4b4c-99b5-16313e8eb12f.wav,humano,299.0,"Hola. Muy buenos días. ¿Cómo está? Sí señor. Hola, señor. Me presento, nosotros hemos dueños y acreer sobre su cartera. ¿Ustedes, al pronto, han realizado un acuerdo de pago o le han presentado que tienen descuentos sobre esas carteras? La verdad eso lo está manejando, me ha abogado. Y pronto se ha abogado, se ha comunicado con nosotros porque nosotros hemos dueños y acreer sobre esa cartera. Sí, me imagino que el quien le procesó, el me estaba mandando el proceso. Porque, mire, le informo, tiene presente más o menos cuánto está el valor total sobre esas dos carteras. Son dos obligaciones. No, no, señor. De aquí es... Sobre esas dos obligaciones que están pendientes, por un total de 2 millones, no es 188 mil 790 pesos. El valor de las dos obligaciones que está debiendo actualmente. Que lo que venimos aquí a obrecerlo a usted es realizar un acuerdo de pago formalizado para que uso tenga el paisalvo lo más pronto posible y salga esas dos obligaciones por un valor obteniendo un descuento que es por millón 570 mil. O sea, cancela millón 570 mil y quedaría paisalvo con las dos obligaciones. Eso se realizaría dos acuerdos de pago formalizados, claramente. Y pues, se tocaría para que usted cansele, digamos, acuotas en caso de que usted me diga, yo, ja, de verdad, está muy buena la oferta, pero no puedo porque pues está muy alta la acuota o no me queda difícil cancelar todo, también lo puedo manejar acuotas. O si está dispuesto a realizar una contrapropuesta, pues también estamos dispuestos a escucharlo y podríamos lanzar la propuesta que fatura. ¿Qué le parece la oferta ese c***? No, pues la data si le estoy pagando al abogado no me convencería, pues ya tiene proceso, el acuerdo allá con su mes, y me comentaría a mí, porque nada sacaría, yo pague un abogado para que llegara el acuerdo y hiciera el acuerdo y yo veniera a pagar otra de c*** al otro lado. Sí, claro. Pues ahí lo que tiene que hacer, pero el abogado, ¿qué proceso, está haciendo un proceso de insolvencia o está, o qué es lo que está haciendo el abogado? Sí señor, sí señor, sí señor, no sé si no un proceso de insolvencia. Pues recuerde que el proceso de insolvencia no quiere decir que usted no haya pagado nada, ¿no? Por eso yo le estoy comentando, estoy esperando que el abogado me confirme qué proceso que toca hacer y eso, porque si yo haría un proceso con su mes, ya no haría nada yo pagando el proceso del abogado para hacer nada, ¿sí me entiendes? Si el mes iría a c*** y se hizo el acuerdo, ¿le tocaría usted pagar tanto o le tocaría hacer esto o esto? Eso es lo que yo sé es suave. Miren, ese c***, mira, yo pertaner a escolar y agurí y cada nota te soluciona al copio y lo haga comentar para que entienda un poco más sobre el proceso de insolvencia. En el proceso de insolvencia, usualmente lo que se hace y el juez determina es, digamos, que tiene la capacidad de, si usted tiene la capacidad de total de cancelar la deuda. En casa que usted no tenga, se llega un acuerdo entre nosotros dos, que es lo que le estoy planteando, y lo que estamos haciendo nosotros usted es no cobrarle ninguno de los intereses. Estamos condonando el 100% de los intereses y estamos adicionalmente, les estamos dando un descuento del 30% sobre el capital. Por eso es que le ofrezco el millón quinientos de tenta. Ese es el descuento. Entonces, llegar a eso, pues no sé, si usted ya pronto ya realizó un contrato ya con el abogado, pues bueno, ya te tocará seguir por esa parte, pero pues lo mejor es hacer un acuerdo de pago directamente usted mismo que cancelar un abogado, porque pues les haré más caro. Eso es como el proceso que se hace. Entonces, yo ya hice todo el proceso con el abogado, pues obviamente un contrato y un acuerdo de pago con él para pues solucionar ese tema, ¿sí señor? Sí, dale, no entiendo muy bien. No, pues entonces cualquier cosa, pues se puede comunicar con nosotros, en casa, de pronto tiene un número ahí que, un de guardar el numerito, en caso de que pronto el abogado necesita comunicarse, dialogar o negociar, porque usualmente ellos no subran a otro... ¿Pueden enviar por mensaje eso o por guardar? Ah, yo les quiero por WhatsApp, después quedase el número para que lo tenga y pendiente. Bueno, señor. Listo, y eso... tengo un nuevo y tarde. Gracias por contestar. Bueno, señor."
440cb585-d675-4ed9-afa4-934e2a0aae90.wav,humano,202.9,Muy buenos días por favor a $%&%& con ella $%&%& como instales está hablando Daniela me estoy comunicando el tema del es que nosotros teníamos un acuerdo de pago programado para el día de ayer y no me registra el pago en un sistema quien si era confirmar consumes de sin porque motivo no se ha podido realizar el pago para pues también poder dejar acá como la gestión en el sistema y valida el pago. Ya no mi reina pues la verdad es que en ese momento estoy pasando por una situación delicada de salud con mi mamá pues yo te había dicho el otro día en estos momentos estoy en entonces pues nos tocó viajar a entonces pues por estar motivo pues no tengo como solucionar en estos momentos ese este pago porque la verdad pues no me da no podría realizar el pago a ninguna circunstancia entre hoy y el lunes no pues es que no sé mi mamá ni cuando le salida ni nada y pues lo que tengo no me lo puedo gastar en eso porque aunque que me quedo yo aquí claro es un c*** de la es importante tener en cuenta que usted cancela los 360 mil pedos ya tendría el pasisalvo no tendría más reporte negativo centrales de riesgo y si más adelante se va pues nuevamente a la vida financiera usted lo va a poder hacer contraquilidad porque yo no tengo un reporte negativo por parte de la ciudad. No si yo sé sino que lo que pasa es el problema en que estoy ahorita de salud con mi mamá nada de pagarlos pues oigo pero yo le dije que es que sí pero pero la verdad la verdad la verdad en estos momentos ando con ella a c*** y pues como está esto a c*** está horrible pues para todo todo está caro todo está superragoeltísimo entonces no compre no señora luz pues yo voy a dejar entonces a que la notación en el sistema pues no le podría garantizar que para el próximo mes se mantenga el mismo valor porque pues eso me hace saber que los valores de intereses corrientes y moratorios se van sin ir dando pues mes a mes pero en este caso voy a dejar la notación igual si usted llega a cambiar de decisión yo le escrito por whatsapp por el mismo medio me puedes mirar ayer el cosito si ay acáale por favor apenas yo salga de esta situación al menos que llegue a tu lo puedo puedo mirar a ver y gestionar como algo si pero pues la verdad en estos momentos no le puedo decir de hoy mañana porque no me han dicho ni siquiera y le van a c*** a uno compre listo perfecto pero a mi me ha tenido mi llamada y le deseo que tengo un excelente día que estén muy bien gracias
50e0f632-d195-4476-b049-3720482d65d9.wav,humano,119.4,"muy buen día me podría comunicar por favor con ese como me levedo un poco divulgada porque jackets dramáticos combau Quería confirmar con usted lo que fue. ¡Suscríbete! ¡Suscríbete! ¡Suscríbete! Queríamos confirmar si ya realizó de usted el pago. ¿El acuerdo? Yo me he reincido, oye, póngame cuidado, póngame cuidado. Yo no he regresado a ningún pago porque el que me llamó que había no se dejó hablar. Y yo pensé que era que al primer pago lo que podía hacer el 20 de los otros meses y antes ya cuando le voy a decir el mejor go. Y por eso para estos días no tengo la plata pero para el 20 de los otros meses ya puedo comenzar a pagar el primer pago. ¿Por qué el señor no se va a hablar? Se le da una notifica a cargada y no se va a hablar nada. Mmm, sí señor. Entonces ya voy a notificar a la descargada. ¡Suscríbete! Me agradezco mucho. ¡Suscríbete! ¡Suscríbete! ¡Suscríbete! ¡Suscríbete! ¡Suscríbete! ¡Suscríbete! Ah, bueno ese señor. Bueno, mis hechitas. Entonces yo posteriormente voy a comunicarme con usted. Que esté muy bien. Bueno, señor. Gracias. ¡Hasta luego!"
635a7986-ddd2-47f3-a6de-82a217053afa.wav,humano,161.0,"A lo bueno días. Buenos días, tengo gusto hablar con ese... ¿Diseñorita? Y su gusto habla... ...de los lobros patricios y nos comunicamos referente a su obligación... ...comparo como 50 días de hoy. ¿Qué es, diseñorita? Estamos validando nuestro sistema y no hemos reflejado su pago... ...según acuerdo de pago para el día 3 de agosto por milión 270 mil pesos. Quisiéramos validar porque no se realizó este pago. No, es que no... ...no alcancen a reunir todo el dinero. Comprendemos que es bueno. Y para cuando podrías revisar el pago para dar cumplimiento al acuerdo? Yo creo que por ahí en fin de mes, por ahí en fin de mes. Entiendo, si... Y ¿cuánto tiene reunido? Porque puede hacer una bono ahorita el 15 de agosto... ...y el restante a final de mes para que no se pase el mes... ...y no dar cumplimiento al acuerdo, es que nos caiga el acuerdo de pago. Por ahorita no tengo nada, la verdad no tengo nada. Entonces, por ahí se dan dos fin de mes... ...porque tengo un problema también. Y entonces... ...me tocó pagar un asiente que cometió el perro mío, entonces... ...ahí me descuadra. Entendemos la situación, si... ...pero seguro se cancela para el día 30 de agosto para correr la fecha para el día 30 de agosto? Sí, sí, señora. De acuerdo, si... ...entonces vamos a correr la fecha para el día 30 de agosto... ...por que usted ve el riesgo de pagar esta fecha por 1.268.000 pesos. Es 100 pesos y dar cumplimiento a este acuerdo... ...para no anular su acuerdo de pago y que no pierda beneficios. Ok, vale. Perfecto, si... ...algo está enviado al acuerdo de pago, ¿usted lo recibió? Sí, sí, señorita. Perfecto, si... ...por medio de... ...debe realizar este pago el día 30 de agosto y enviamos el soporte de pago... ...para dar cumplimiento y no anular el acuerdo de pago. Que pierda beneficios. Bueno, si, señorita. Perfecto, si... ...recorte a Claudio Maric, que no lo exceden. Bueno, no te hagas nada, señorita."
63b9a147-5c33-40ba-87c7-124e4be56cda.wav,humano,240.52,"bueno dic bien os tengo que hablar con la señora el señor Augusta ya lesaurais gustado High School silenciamos lembra de su ligación como se encuentra el día de hoy. Bien, pero. Me comunico para informarle que su correo electrónico como su WhatsApp fue enviado el acuerdo de pago de manera por malo se lo recibió. No, la verdad lo he reto. Comprendo nosotros a su correo electrónico. Valiente. Con enviamos el acuerdo de pago y al número WhatsApp 3001 476 33 39. Puede verificar y confirmarme si recibió esa o el Google y envió la información. stock. el día 24 le enviamos toda la información, se la voy a reendiar nuevamente me acabé de enviar un mensaje y ya me llevo ya me envié el acuerdo de pago de manera formada y le voy a enviar los medios de pago por los cuales usted puede ser el pago puede hacer atrás de la plataforma de la línea o lo puede hacer en línea quedó pendiente el soporte de pago, voy a gastar para hacer la aplicación del sistema de su primer cota para dar cumplimiento a este acuerdo de pago su primer cota está por 136 mil pesos y la tiene alguna pregunta adicional pero uno puede pagar por medio de eso puede revisar el pago a través de la plataforma de pago o lo puede hacer en efectivo a través del número de convenios con su número de cedras a nombre de c***** que la casa es cobranza de su obligación ya pero el primero uno lo puede pagar si señora al número de convenios que le acabé de enviar a ese número de convenios puede realizar el pago una vez revisado el pago me envía el soporte de pago, lo voy a hacer para aplicarlo al sistema ok si señora al número de cedras lo voy a hacer perfecto, c*****, quedamos pendiente el soporte de pago que tenga 20 días"
66c2db61-5a3d-4020-a90a-007a029d0879.wav,humano,136.78,"Letra angular Bueno, pues tengo puff ص ministers de la comarita como se encuentra el día de hoy. No es bien, gracias a Dios. Nos comunicamos referente a su obligación para recordar su compromiso de pago para el día de hoy por ciento ciento cuarenta y cinco mil pesos. El acuerdo de pago, ciento cuarenta y cinco mil pesos. El acuerdo de pago enviado a su correo. Se recibió este acuerdo de pago. A mi correo. Sí, sí, señora su correo fue enviado el acuerdo de pago. Sí, creo que sí. Sí. Su correo es. Permítame. El 4539403 arroba y me punto. Sí, correcto. Perfecto. Este correo nosotros enviamos el acuerdo de pago en este acuerdo de pago al método de pago, al que usted debe revisar pago. ¿Estaría realizando el pago el día de hoy? El día de hoy quizás no es posible porque en el cuarto me encuentro, se me hace imposible acceder hasta allá, pero mañana, en las horas de la mañana, yo creo que sí estaría acercando a la oficina. Comprendo, pero usted debe realizar el pago a través de la plataforma, no es necesario ir a la oficina. Ah, ok, ok, ok. Entonces, apenas en un tiempo, yo me meto a la plataforma y lo, y lo dejo. Perfecto. Quedamos teniente de su suporte de pago para hacer, bueno, la aplicación en el sistema ya queda porque se va a recerar el pago en línea por medio de la plataforma de loco. Ok. Sí, quedamos teniente de su suporte de pago al Guadalajara, tres quince, cincuenta y dos sesenta y nueve sesenta y tres. Ok. Muchas gracias. Perfecto. Señor, olvides que tenga un excelente día. Igualmente."
67197ac4-63d9-4567-9e89-896e715ab906.wav,humano,394.0,"¿Buenas tardes? Me comunico con el señor Alejandro Alvarino. ¿Aló? Sí, me comunico por favor con el s***. ¡S***! ¡S***! ¡S***! ¡S***! ¡S***! ¡S***! ¡S***! ¡S***! ¡S***! ¡S***! ¡S***! ¿Se parte? Sí, me estoy comunicando de parte del área de s***. Mi dinero presentación de s***. ¿Has estudiado las con él? Como está. Me estoy comunicando en base a que días anterior si hemos evidenciado posible interés de pago frente a la obligación pendiente de s***. En ese momento, s***, tenemos una oferta de pago en donde ese valor que se le ha reiterado de manera iterativa y en días anteriores por un valor de 913 metros aproximadamente se le puede dar la viabilidad de diferirlo a dos contados que mejor se puse su capacidad de pago y así pues llegará un s*** cada cuarta le quedaría en un valor de aproximadamente 457.000 pesos les vio al estar termativo de pago en s***. Pero es que ahorita estoy más apretado y con este cuento este remoto y mire y la verdad yo quisiera pagarle a usted de mano pero ay, señor, Dios mío, todo se me dificulta. Imagínense que la demana pasada me llamaron de lo mismo. Es que eso es lo que yo me da esta rabia me llamaron de lo mismo. Yo me voy a acercar a s*** para ver qué puedo hacer. Y me dicen no, es que ya usted s*** de la entidad es que no me acuerdo qué entidad no tengo uno que haga como loco, no sé eso es como que mejor yo me presenté s*** y mirar qué es lo que es y a Madrid se no me puede dar la verdad. Si, si. Si, se puede acercar a s*** más pronto posible. El área del asesor ese es el nombre que se le va a indicar o el asesor de cuenta posiblemente le va a indicar que su cuenta fue vendida a s*** s*** actor y actualmente es el nuevo credidor de la cuenta y ya s*** lo va a dirigir nuevamente s*** para que haga la negociación de la obligación. Si, porque es que la vez pasada me llamaron que tú me estás diciendo y ahora me dices que no quede s***, que usted no sea como loco. No, no logro su factory en representación s*** No, pero mira lo que me dijo el otro mosoñor ya que uno tiene nada que ver con s*** No, actualmente ya no actualmente de el nuevo o sea el acreedor original s*** la cartera si usted gusta recordar acercar s*** a reterar y verificar la información que se le ha venido otorgando en las últimas gestiones y pues ellos allá igualmente ya usted negociar s*** no lo van a hacer la negociación, directamente lo van a remitir al nuevo acreedor que s*** actor la cartera si, si, si pero ven acá, me gusten me acojen lo que tú me estás diciendo, él llegue y me dice no es que tú no tienes nada que ver con s*** es un asigno de que ya como loco porque mira, ¿cuántas veces han llamado de las cartas? No, es que usted yo no hay que ir a ir a ir a ir a ir a un p*** todo lo que lleve y después llaman de la propia entidad entonces uno queda, ah, pero como es que p*** si yo puse esto, perdóname la palabra porque es así la verdad entonces, si, entonces pues yo preferiría como acercarme a ver qué pasa listo, listo si s*** de alguna manera pues yo hace milicaría sobre qué día se va a acercar s*** y los va a tener lo más piada en el sistema y los va a tener lo presente en base a la conciliación sobre qué día o qué fecha se va a acercar y eso pues no sé porque s*** de ahorita estoy s*** en las partes de s*** y s*** y el puente s*** se va a s*** como que nos están dejando pasar mucha gente este es el más poncho también tenemos unas citas médicas también estoy es grave por eso bueno s*** igual, imagínate en el presente que igual nos seguiremos comunicando, aliando pues la gestión, el proceso y pues caso que tengamos una respuesta lo más pronto posible pues igualmente nos tenemos muy pendiente muy presente para poderlo ayudar y pues colaborar desde nuestra área, listo? no, si, yo quiero pagar eso para ver si vuelvo a tener la vida acrediticia porque la verdad yo sé que eso a usted no les importa pero fue un favor que hice y mire entonces quiero recuperar mi vida acrediticia otra vez claro, si yo si yo pago eso, si yo pago eso recupero mi vida acrediticia si usted ya no tiene deudas en mora con ninguna otra entidad y esa es la única oligación que se tiene en mora claro que si con s*** se quedaría con un reporte positivo porque ya quedaría paz y salvo con la entidad posiblemente en data creditor va a aparecer s*** actor y no s*** pero ya igual si se va a necesitar el pago se le entregaría paz y salvo y actualización de sus vectores financiados que es un plus pues muy bueno que tenemos parte de nosotros para futuros créditos con nuevas entidades me digo que necesito pagar eso y sacar un crédito porque la verdad si es ponchado claro igual manera hoy en día hay entidades que le pueden prestar a los situlares si encuentran a un reportado pero ya que intenten su paz y salvo ¿de acuerdo? es decir que cuente con su paz y salvo y ideal es nuevamente que reactiven su vida a creaticia y pues consideran de la mejor manera entonces s*** vamos a ver para que se pueda acercar en el tiempo estimado que pues se pueda averiguar directamente con más s*** para que pues esclarezca las dudas como tal información que usted necesite a solicitud y ellos pues como le indicó lo van a remitir es directamente con nosotros con los vésperes pero ya pues se necesita hacer ver y cala información ¿listo? si claro si ya hiciste algo un poquito más convencido listo señor igual manera tenga presente que pues igual desde nuestra parte estaremos para colaborarle brindarle la mejor consideración para que usted pueda reactivar nuevamente su vida a creaticia si claro si bueno yo te agradezco mujer bueno s*** quedaré muy atenta la próxima semana estaría comunicando para validar como el procedimiento y si ya pudo pues tener una viabilidad de acercarse ¿listo? si listo s***"
6854b6cc-c858-4dd4-b326-b7d6fe55843a.wav,humano,158.0,"Bueno días, tengo el gusto de hablar con ese... Dispeñadito. Mucho gusto de a... Como 50 al día de hoy. Bueno, bien, gracias a ti. Me conico el día de hoy para validar si usted recibió el acuerdo de pago de manera formal. Nosotros lo enviamos al correo electrónico JesusVallejo312robagmail.com Pero, estoy de niña, pero yo creo que no ha llegado, pues estoy mirando y nada. De pronto en el Espan... ¿Cómo? De pronto en la bandeja de Espan. Ah, ok. ¿Lo puedes validar de una vez? Ahora, porque aquí trabajando si usted quiere me llama a la una, por favor, qué pena. De acuerdo. Pero el correo está correcto. ¿Cómo? Su correo está correcto. Tengo registrado el correo JesusVallejo312robagmail.com Sí, creo que es así, 22... ¿27? Ah, no, es 3112 sino 2227. Bien, ahora. Con razón no le llegó... O sea, es JesusVallejo2227robagmail.com Es así mismo. 2227, de acuerdo. Voy a solicitar a los que están en el correo electrónico JesusVallejo312robagmail.com Voy a solicitar el envío nuevamente del acuerdo del pago al correo electrónico. El día de hoy usted estaría realizando el pago... Sí, sí, me lo decí. Perfecto. Voy a solicitar que se le envíe nuevamente el acuerdo del pago al correo JesusVallejo31227robagmail.com Es 2... Sí, así, así es. 2227. Eso es 2... Perfecto. Sí, me estaría comunicando nuevamente para validar y para validar usted se realiza el pago al día de hoy. Buena niña. Agradecemos por atender la llamada, le hablo de valores que tenga un excelente día. Igual."
693045ed-afc8-4c9c-9eee-f7e34281fb16.wav,humano,175.12,"¡Oh no! ¡Muy buen día! Me podría comunicar por folca en ese... C***... Como me le vale saludar... Me comunico de TIS, nosotros somos quienes compramos la cartera de su obligación pendiente C***... Como me le he ido... Es por la de usted... Bien, gracias a Dios... No, por eso es situación, señor Humberto... Me puse a un ok mi llamada, brevemente es porque en este momento... ...comunicaba, compramos la cartera de su c***... ...y la deuda como tal de señor Humberto ya asciende con intereses y todo lo demás... ...a doscientos y seis... ...en mi afargo entre los dos... ...puedo dejar esa deuda al día y poder brindarle un alivio financiero... ...para poder... ...pizadero, por favor, no es el el presidente de los doscientos y seis... ...no sé si ese c***... ...haya recibido llamadas en días pasados... Ah, sí, señor... Sí, señor... ...porque si tiramos como TIS, poder verificar la posibilidad de... ...de un utopago de lo que fue el capital... ...el capital que se gastó con su producto financiero... ...lo dejamos al día toda la obligación... ...lo dejamos para algo y... ...lo dejamos para poder de arriba... Sí, señor, si no crees que es lo que parece... ...yo no estoy trabajando... ...y he estado lo más enfermo... ...estoy por aquí desciéndome uno de esos amigos... ...he estado muy enfermo... ...y yo no he podido... ...porque la hija mía es la que se encarga para pagar eso... ...un divino, un divino... ...y señor Humberto... ...en ese orden de ideas viendo ya la... ...la edificios que tiene el señor Humberto... ...no sé si el momento para eso se promocía... ...a tratar de irse a un entro... ...o que podamos hacer una bebida de tradición... ...de los que ya no... ...por lo que le digo es que como yo no estoy trabajando... ...yo he trabajado así por divinas y... ...ya no he estado trabajando... ...y la hija mía es el cargo este para cargar esa bebida... ...y yo no estoy trabajando... Ah, tranquilo... ...entonces... ...¿cuál es lo siguiente de mi s***? ...¿esta niña te le pone que tiene línea WhatsApp? No señor, no... ...esto no tiene WhatsApp... ...¿en este momento te encuentro un poco el discurso o mi s***? Si señor, es que estoy aquí ya para ir a reclamar los exámenes... ...y una vez de los dos... Si usa me pongo como un tapo posteriormente... ...y volvemos a hablar, entonces por favor... ...bueno señor, señor... ...bueno señor, que te fue muy bien... ...sí señor..."
6bbff5d5-7d85-4587-94d9-4e44d4e4055b.wav,humano,295.04,"un establish se xu rek nie l ¿Qué solución? Es que en el sistema me informa que usted realizó un acuerdo de pago de 250.000 pesos mensuales y la primera cota que ha parado el 30 de julio. Me comento con usted para informar si ya le llegó la información del acuerdo de pago formalizado, el documento. ¿No la llega en el correo o por WhatsApp? No, no me ha dicho nada. Entonces, le recuerdo que en unos pocos minutos te voy a enviar el acuerdo de pago formalizado con ser el soport vía llamada exactamente el día 21 de julio a las 3 y 24. Le recuerdo que es un acuerdo de pago formalizado por un valor de 4.240.000, donde se propuso cancelar 250.000 pago mensuales. ¿Pero de pronto alguna pregunta o tiene alguna cuestión que da a realizarme? ¿Tiene alguna duda sobre eso? No, no. Ok, entonces te voy a enviar la información por correo, te puedo enviar el correo que tú me dijiste, me lo puedes confirmar, terminada en 62.15. Sí. ¿Me confirmas el correo por favor? Sí. ¿Pero de 0.215? Ve a 0.215 en el puto. Exactamente. ¿Pero por WhatsApp también? ¿Ese número tiene WhatsApp? Así es. Entonces te voy a enviar el acuerdo de pago formalizado, para que por favor lo tengas en cuenta y una vez que realices el pago de la primera jota, lo des por favor confirmar por ahí el comprobante del pago por favor. Si te dices una foto o ya seas legible, si de pronto haces alguna transferencia, pues también lo haces de esa manera. ¿Tiene alguna pregunta ese... Es un mensaje de texto que dice... 301.19.83.50. Ok, los mensajes de texto, bueno, eso es una deraria mensajería que están realizando, en este caso pues como tú ya hiciste un acuerdo de pago, tengo que informar el área de mensajería, pues de que no te lleguen más los mensajes, porque ya tienes un acuerdo de pago formalizado, que te realizas el día 21 de julio, de decir que alguna vez pues ya no tienen reportado de ellos que no te han enviado el acuerdo de pago, entonces ahorita reporto esa cuestión para que no te digas más mensajes y porque pues ya te voy a enviar el acuerdo de pago formalizado. ¿Listo? ¿Tiene otra pregunta? No, no, gracias. Para que tenga en cuenta de que una vez que usted realice el pago de la totalidad de ese acuerdo, se le entregará el pas y salvo, usted también saldrá pues de las centrares de riesgo, ese reporte negativo se tiene, pues quedará totalmente limpio, también tiene pronto se desea, si le presenta alguna oportunidad de cancelar más de 250.000 pesos, lo puede hacer, no hay ningún problema, si usted pronto se le presenta la oportunidad de cancelar la totalidad, así lleve 3 J, así de pronto tiene el restante, también lo puede hacer, no hay ningún problema. La J va a quedar mensual para el final de cada mes, entonces para que también no tenga en cuenta, pero si usted se de pronto cancelará, es que pronto el 15 de agosto tengo la J, lo puedo cancelar, lo puede hacer, entonces esta información se le digo para que lo tenga claro, y pues pronto no se le va a generar alguna duda, ¿listo? Igual ahí el WhatsApp me llega el número de cuenta y todo, ¿cierto? Sí señor, en el acuerdo de pago que se le formaliza, se le entregará toda la información de los medios de pago autorizados. ¿Listo? Perfecto. ¿Listo señor Brian? Voy a amarle por entenderlo y llamar, recuerde que estas llamadas están auditorias, por favor, te agravada, cualquier cosa que necesite, recuerde que mi nombre es asesoros opcionales, y estamos aquí presentes para colorarle, que tengo un feliz día. Gracias igualmente. Vale, con gusto."
73ddf5ba-7005-41a6-88b5-be98fb909764.wav,humano,144.12,"De verdad Angels. Bueno, esta tarde tengo gusto hablar con el señor ¿De parte? Habla con el señor Barturi como 50 el día de hoy Bien Comunicamos referente a su obligación con Valle Según un acuerdo de pago que tenía para el día 15 de agosto Con promiso de pago por 250 mil 600 pesos estamos valiendo el sistema Y nos hemos reflejado su pago, usted realizó este pago No he podido levantar esos 260 mil pesos Comprendo si... Cuando se realizaría el pago para que no pierda los beneficios Mire, vamos a para... Será para finales de mes Para que los probores que ya cobren los profesores Para ver si las hermanas mías me colaboran ahí A ver si pago eso Entiendo Para que la gente se compromete Para el 28 o 29 en esos dos días Comprendo Voy a validar y vamos a correr la fecha para el día 29 de agosto Para que usted cumplimiento este acuerdo de pago Y ya quede a paso y salvo de su obligación Ok, voy a hacer todo lo posible porque quede laderamente... Pero bueno Es importante dar cumplimiento al acuerdo de pago Para que no pierda los beneficios Y si voy a hacer todo lo posible para salir de eso Oye, como hago para salir de eso De acuerdo señor Pimenta Programamos su nueva fecha para el día 29 de agosto A su cuarta fue enviado el acuerdo de pago en manera de formar Y los medios de pago usted lo recibió Sí Perfecto, quedamos pendientes por ese medio el día 29 del soporte de pago Para aplicar el sistema y... Y salvo Ok Que tenga un excelente... Hasta luego"
74aa7e2d-4d44-45cc-a3e5-97fb9383a960.wav,humano,115.68,"¿Cómo está? Es que me estoy comunicando. Bien, bien. Sí, señor Franco, para indicarle que comité medio la aprobación de general los pagos, se envió 23 cuotas, le aprobaron por cuotas de 102 mil pesos, ¿les vea de esta manera? ¿De cuánto? De 100, ¿los vea de 100, 2 mil pesos aproximadamente. Ah, sí. Sí, listo de... Entonces, por favor, para hacer, para concretar este acuerdo, me confirma por favor su correo electrónico para hacer envío del documento de manera formal a su correo el día de mañana o el día sábado o el día lunes, por favor. Se va... 14.27, 15.26, arroballime.com. Bien. Me indica por favor sobre qué fecha estaría generando los pagos de estas cuotas. Al final de mes. Para el 30, a los 30 de Cámen. Sí. Listo, entonces va a quedar el acuerdo por el valor de 2 millones, 236 mil pesos aproximadamente, con cuotas avaladas por comité, 23 cuotas de 100, 2 mil pesos aproximadamente, para los 30 de cada mes. ¿Es correcto? Sí, señora. Entonces, no siendo más, muchas gracias por haber atendido mi llamada a cualquier dudó en que tú yo les estaría comunicando había wasada para hacer la entrega y la confirmación del respectivo documento a su correo. Listo. Allí van a encontrar los medios de pago y todo lo requerido y terminó sin condiciones referentes. ¿El acuerdo por favor? Total cumplimiento porque esto fue aprobado por comité. Listo. Bueno, señor Dior, ¿se hará alguna duda de pregunta que tenga en el momento?"
74b16f62-f04d-42c8-9872-ea9b9ed1dd75.wav,humano,641.16,"Madrid de la ciencia, nos encontramos y nos compramos la cartera de su obligación pendiente con credivalor, ¿Cómo están ustedes? Señor. Sí, era bastante. Mi c*** brevamente motivó mi llamada, esto informó al Eche a la fecha, pues registramos un salvo actual de 2.487.000 pesos. Nuestro propósito es un dar de un video sin más cero para dejar al día esta mora y poder expedirles hasta el pasisal o sacar el reporte negativo de centrales de riesgo. Y no desanirás la primera semana. ¿Por qué? Pero porque no es que vuelvo y les repito, ¿Por qué cobran todo eso? Si yo el año pasado quedé debiendo a 300, 320.000 pesos y ¿Por qué va en todo eso? Sí, señora. ¿Y a usted les pidieron algún documento en que le di valores acerca de esa mora? Es que, es que, o sea, en ese, el año pasado en mayo me dejaron, ese, eso es, en 600, en 640, en 640, en 640, en 640, en 640, en 640, en 640, y yo pagué 320 y quedó 320,000, ¿Y por qué, por qué me cobran todo eso, señor? Sí, señora. Lo que se puede es que, yo hago referencia a una tarjeta que prácticamente se entregó desde hace ya unos anultos desde el pasado agosto, 19 de agosto del 2015. ¿Qué, señora? Entonces, en ese momento esa tarjeta, la obra que fue en un valor de 1.695.000 pesos, 1.696.000 la obra. ¿Qué, señora? A través de los años, esta mora ha ido en crecer su valor en interés de subvenciones, de exploratorios, de otros cargos, los entrararios de CODE, y por eso es que la regular están 2.487.000 pesos, ¿sí, señora? Sin embargo, me dice usted que el año pasado se comunicaron con usted y llegaron a un acuerdo de pagar solamente 640.000 pesos. 640.000 pesos. ¿Y usted realizó un solo pago o realizó los dos pagos? Un solo pago. ¿Sin ahora? ¿La persona cuando usted, por ejemplo, solamente realizó un pago? No, pues que yo quede de un pago, entonces mi esposo tocó que operarlo y no pude pagar. Entonces ¿por qué van a subir a todo esto? Sí, señora. Lo que suceden muy seguramente en mi sección de cobertura, lo que pasa es que cuando usted pago es para condonar ya bien 730.000 pesos más, es que si usted es para que lo realizan pago es hasta las 10.000. Y hoy le digo cancelé 500.000 pesos y dejamos todo el día. Un ejemplo. Entonces si llegamos a ese acuerdo yo espero que usted cancele los 500. Si de pronto usted te lo canceló 200, pues ese acuerdo ya me valia. Señora, la publicamente, si de pronto usted tiene algo por escrito o algo yo como que su gusto lo puedo instalar. El acuerdo que yo tengo es pagarlo que se juegne en el capital y poder evitar la llamadela, poder que usted en este caso pueda evitarse cualquier tipo de inicio de procesos de calia con nosotros. Pero fue el proceso, señor, que yo no quedé viendo haciendo 320.000 pesos, ¿qué proceso le van a hacer a una persona por 320.000 pesos? Sí, señora, lo que suceden es que en su momento para el año que se ha ido, se utilizó la trajeta. Eso fue el valor que usted tiene que deducir en sus saldos de acuerdo a sus cuentas. Sin embargo esto genera intereses, genera gastos para todos y demás con el transporte de los días. ¿De señora? Las teutas que en nuestro país cuando no adquiero un producto financiero. Yo soy una persona totalmente madre, o sea, cabeza de familia porque mi esposo él es enfermo de la cadera. Yo no tengo con un poco de empleados de una plata que no debo debo de 320.000 pesos. Sí, señora, y en el, en el, en el, hacia el año cuando empezamos a generar los cobros por el tema del incumplimiento, y usted, ¿cuál, cuál es el monto que realmente tenía de c***? O que usted, por ejemplo, diga al de no me de c***. Pero si es que, pero si es que, es que, es que yo he pagado, y he pagado, y he pagado y nunca borran cada que me llaman de, o sea, entonces, entonces, no ha servido de nada toda, toda la plata que yo he pagado no ha servido de nada. Pues, mi señora, si me te aprecie, pues me le digo, si de pronto, por ejemplo, si te diga un acuerdo de pago, directo a la identidad, en este caso creívalo, y nosotros, que ya compramos su cartera, la idea es cumplir el cuerto. Por ejemplo, yo le digo, para ligiar esto, son 12 cuotas de 200.000 pesos, lo que creemos y se desprendeamos todo, y un mil a otros 200.000 pesos. O no, una cosa, si usted deje de cumplir, pues, la curiosamente, pues, el acuerdo, y los interés si sigue generando y demás. Es que, la gente, no. No, pero muy terrible, muy terrible, porque son muy abusivos, o sea, o sea, de verdad, o sea, uno, uno, uno, uno, uno quiere pagar y todo, pero es que, es que son muy abusivos. ¿Cómo van a cobrar por 300.000, por 2 millones, y pucho? Miren, aquí me registran que la deuda del pago a capital de esa tarjeta era 1.697.000 pesos. No sé si hay algún extracto, algún documento donde diga que solamente debe ser valor. Nada, es que a mí no me han dado nada ni nada de papeles, simplemente pagué esa vez, esas 300.000, esas 320.000 pago en efecto, y ya. Sí, señora. Y en ese trato, y señora me dice, lo más importante de su acuerdo de detrás, también, yo le digo, es que cuando se ratiza un acuerdo, nosotros primero, por ejemplo, usted me dice, ay, sí, yo voy a pagar 200. Permítame, por favor, yo le envío por el correo electrónico, le envío en las puertas, y que ustedes se, ahí sí, como dicen, que se se acuerda, porque todo por escrito queda más bonito, porque es una manera de que después, ay, es que me llamaron, no, a mí, acá tengo mi pasisal, tengo el acuerdo que yo hice, porque digamos que hay que hacer las cosas al derecho, señora, lastimosamente aquí lo que yo encuentro es que la información que tengo, el pago a capitales de 1.696.000 pesos, que fue lo que en su momento quedó mora, y esto ha acumulado intereses, pero cuál, pero cuál, pero cuál, cuál, me dio en 600, y es que yo esa vez no me entregaron, sino un millón de pesos, y todo lo que he pagado, todo lo que he pagado más de más, mejor, creo que unas cuatro veces esa plata y nunca borran. Señora, te pronto yo hago referencia, hay algún momento usted se comunicó con Credivalores, o Credivalores se comunicó con usted, y se ni siquiera, ¿verdad? Sí, sí, señor. Exactamente, hacia el año 2015, que estamos hablando ya casi 11 años, suma, se sacó un algoritmo de presa, con ellos. Nada, nada, es la vez que nadie no en esa plata ni más, con lo que le quitan a uno y jodan, y llaman qué va a que iba a sacar más plata. Sí, señora, porque en ese caso, si usted tiene digamos en este caso, algún tipo de soporte, o conflubante, con mucho gusto yo podría escalar, pero actualmente la deuda y el reporte negativo, antes de que le damos, me rompe este mundo igual. Es más, es más, es más, o sea, o sea, tras que me han quitado, o sea, todo lo que se les ha dado la gana, me no, ahorita me dejaron, o sea, me dejaron en cero, porque no le puedo sacar nada, un crédito a ningún lado, entonces, entonces, o sea, qué hago. Señor, en ese caso, ¿se en algún soporte o comprobante de lo que le hice, le hice un bolso en ese momento? Esa vez me mataron un papelito, pero la verdad, la verdad, ni siquiera sé dónde, ¿sabes dónde lo dejé? Estamos con los siguientes, los siguientes, yo le voy a escribir ¿tiene wasp en esta línea? Sí, señora. Si llega a encontrar algún tipo de soporte, algún tipo de vivencia, me la pueden enviar, yo con mucho gusto la puedo escalar. Y de paso, me voy a mirar con nuestra área financiera que puede posibilidad, eso alternativa le podemos vindar para poder congelar primero los intereses que nos sigan subiendo y poder vindarle una línea financiera cosa de que pueda ofrecer las hectáreas de este soporte. Pero también, así es mejor que el sumer se verifique, si tiene algún documento o algo de que quizá me dejes de apagar con los que me decían, que no me decían por favor, que me decían mis pesos, que me indican soporte. Sí, señor, yo los cancelé y no los cancelé. Sí, señora, no. Cuando usted me indica que lo único que usted debía o lo único capital que le quedó pendiente, fueron 300 y picó 20 pesos. Sí. Sí, señora, pero si de pronto vamos a iniciar la conversación y es ser este que si no tiene ese soporte, me lo vienes bien. Si no, yo lo voy a enviar a todas las propuestas y miramos a ver qué podemos acertar y que, y cosa que evitemos todo este tema en Gorrosco, bueno. Sí, señor, porque es que pues, o sea, créanme que en ningún banco, en ninguna entidad están cobrando así como, como, como, como como allá, allá en esto. Y el propósito nuestro siempre va a ser poder ayudar a las personas. Es así que haríamos mis senores, me agradezco mucho su tiempo. Que pase buen día. Hasta luego. Vale, muchas gracias."
77d258d0-9b2e-4086-b624-f280eed0957b.wav,humano,283.0,"Hola. Buenos días, hablo con el c****. Sí señora. Habla con el c****. Nos comunicamos referente a su obligación con el c****. VUVA como 50 el día de hoy. Sí, un trigo es ocupado, se me ha salido a llamar por ahí a la una. Comprendo ese c****. No dimoramos nada, solo llamó para verificar si usted realiza el pago. Se buscó con mi c**** el día 31 en julio por 88 mil pesos. Sí señora. ¿Realiza el pago o se c****? La verdad no. ¿Por qué motiva ese c****? Porque dice que no es el pago. Porque como yo trabajo en la rusa y fue madre y le voy a pagar cuando creo que era eso, he tocado un viernes, ¿cierto? Sí, el viernes, son salos. Pero yo había hablado con el señor y tocaba pagarlo el sábado. Cuando me acabe ya era por la tarde y como salgo siempre tarde, ella se me había gastado toda la plata. O sea que no va a realizar el pago el día de hoy para arrepentir este acuerdo? Pues la verdad, la verdad en ese momento no tengo plata. Comprendo ese c****, o sea que cancelamos el acuerdo el pago y va a pedirse los beneficios que adquirió. Y digamos un ejemplo es que yo me pagan es tal, este sábado no es que donde yo trabajo pagan es como quincenal. Comprendo, o sea que si usted podría realizar el pago para el día 15 de agosto? Sí señora sin falta, ya te da decirme que a más le podría ganar algo más. De acuerdo ese c****, entonces vamos a pasar su acuerdo de pago para el día 15 de agosto. Por eso que se ha dicho mi pez, que damos pendiente ese c**** su porte pago vía fuerza para aplicar el sistema. Yo voy a volver a enviar el acuerdo de pago con la nueva fecha el 15 de agosto, pero es importante dar cumplimiento a ese acuerdo, si no pierdes los beneficios. Sí, dañales que le voy a preguntar, y este sábado a qué estamos? Este sábado estamos a 8 de agosto. No, si, entonces el otro sábado el 15 y dice eso me hace sin falta, ya te sabes, y eso se puede ir abonando más o como es la vuelta ahí. Sí, claro, ese c****, digamos, este acuerdo quedó a 15 cuotas, perdón, a 15 cuotas, sí, de 80 pesos para pagar un total de 1.220.000.000 es el total de su obligación. Sí, señora. Pero usted puede pagar digamos de a los 100, de 150, pues va bajando más rápido la deuda, apenas usted acaba de pagar el total de la obligación ya que haría pasisalto y se side su pasisalto. Bueno, sí, señora, y qué le voy a preguntar, y ese reportado cuánto demora para quitarse lo a uno? El reporte negativo, antes ese c****, se acaba de pagar ahorita en el mes de agosto, digamos, que usted pagó toda la totalidad, el reporte negativo en el mes, sigue ese tiempo, en octubre ya podría usted realizar ese edicto sin ningún inconveniente. O sea, que el nuevo mes se queda para nosotros poder levantar el reporte negativo, y ya el siguiente mes usted ya puede hacer efectos con su pasisalto y todo. Bueno, sí, señora, muchísimas gracias. Perfecto, sí, c****, en su acuerdo de pago queda para el día 15 de agosto por 88.000 pesos. Voy a enviarle nuevamente el acuerdo de pago, su número, WhatsApp, es 314-427-6092. Sí, señora. Perfecto, de este cuarta vuelvo y le envío el acuerdo de pago con el chat 15 de agosto, y qué opinión es su suporte ese día. Bueno, sí, señora, muchísimas gracias. Y eso es donde se pide, cuando uno paga, la cota se lo van a dar y donde mismo paga, o cómo es? Sí, claro, se puede pagar por este, o no corresponde al bancario, en el momento que usted realizar el pago le van a entregar el recibo de pago, entonces este recibo que le entrega, usted le toma foto y me lo envía a b****, y 4, que le envió el acuerdo. Ah, bueno, muchísimas gracias. Perfecto, señores, y eso para mí es un placer ayudarle a recuperar su tranquilidad financiera. Le hago un c**** que tenga un excelente día. Bueno, lo mismo, hasta luego. Hasta luego. Hasta luego."
7ea6c8f3-f6f7-42e8-8034-701caa6e62aa.wav,humano,128.7,"An whoever you think knows how much you caniggly ¿Cómo está la idea? Por favor, lo... Sí, con ella. ¿Cómo está la idea? Daniela me comunico de... ¿Verdad? ¿Siempre es tu consolidación con la... ¿Cómo se encuentra la idea de hoy? Bien, gracias. ¿Siempre es el técnico por el compromiso de pago que tenemos generado en esta oportunidad? ¿Quiere que encima el consumo es que tiene clave la información de los medios de pago? Sí, ya queda para el 25, pero la verdad no pude cuadrar los actos de mañana. Sí, ni... Pues si yo pago la go mañana, es decir, no la otra semana que viene. ¿Me escuchó así? Es que todo... Sí, si, ni... Me podría repetir, después lo último que digo, no te pude la... Yo he quedado a hacer un pago mañana, pero la verdad es que no pude cuadrar la plata, ya... O sea, pues si me la... Me la... Voy a la pedir, si me la prestan, pago mañana, si no la otra semana. ¿Para qué día realizaría el pago? A ver, que para la semana que viene que se echa sería pago julio, ¿no? ¿Para los primeros días de mes de julio? ¿No podría realizar ninguna o no para este mes? Pues si me dan el pago mañana, sí, si no, no. Ah, bueno, si señora. Pues igual en este caso, tenemos un compromiso de pago a dos cuotas, ¿no? Por 910 mil pesos. Entonces yo voy a estar atenta. Nuevamente le voy a enviar la información por WhatsApp de los medios de pago. Y pues sumerse mi avisa cualquier cosita, p... Si se le presenta algún inconveniente, ¿listo? Bueno. ¿Listo, señora? Sin embargo, la agradezco mucho por haber atendido la llamada. Y que tenga un excelente resto de día. Hasta luego. Hasta luego. Gracias."
82ee7afd-e2d3-4cfe-b82e-f7920f57f7ab.wav,humano,187.9,"аль Martha. Buenos días.ijSí. No sé si cuento el día de hoy. Bien, gracias a Dios. Me comunico para informarles que a la fecha resiste a un saldo total de sus dos obligaciones por 19.620.732 pesos. El día de hoy estamos manejando una campaña para que se quede al diaco sus obligaciones y es pedir un fácil saldo. Estamos manejando un 20% descuento sobre el valor de sus obligaciones. O sea que sus obligaciones le cargarían el día de hoy con el descuento en un valor de 15.697.000 pesos. Este valor lo puede pagar hasta entre escuotas. Esto nos interesa de aplicar a este descuento. No, la verdad, no, porque ya me hicieron una propuesta mejor. Comprendo. ¿Qué propuesta le hicieron y quién lo llamó? Me llamó una empresa que se llama... también se relató algo así. Y me propuso pagar 8 millones de pesos en cuotas, en 10 cuotas. Entonces estamos allaguando. Comprendo. Pero esto es la casa de... que actualmente tienes obligaciones. Bueno, me llamo... me llamo alguien de ustedes. Comprendemos. Estoy esperando la llamada para confirmar. Entiendo, pero es que usted tiene dos obligaciones con nosotros. Yo sé que tengo dos obligaciones y por eso una sola cartera. Yo hablé todo eso con él. Comprendé con... pero como lo indico. O sea, el máximo descuento autorizado es el 20% descuento sobre el valor de su obligación. No, no, no, no. No, hablé de otra cosa con un compañero de ustedes, pero cuando él me llame, el que ven llamarme esta semana. No te preocupes. Comprendemos. Porque también puede llegar a un acuerdo de largo plazo donde usted va a pagar la totalidad de sus obligaciones. No. Cuando usted repite, ya yo quedé con un acuerdo con él, entonces esperemos que él me llame. Ya pagar lo que tú me estás diciendo y es otra cosa. Entonces no puedo ya acudar contigo. Como lo indico, quizás hicieron un acuerdo por una sola obligación. Porque usted tiene un obligación con nosotros. No, no, no, no. Por las dos obligaciones. Entendemos. Pero como lo indico, o sea, el máximo descuento autorizado es el 20% descuento."
91b9fd77-d5d5-408f-ac90-fd78080780da.wav,humano,82.0,"Muy buenas tardes. Con él, caballero. Como me leo al desanudar. Me comunico de... Nosotros somos con el escondáculo la cartera de invulcricación de Créo y Valores. Me he leído. Ahí, hermano, bien. Veale, que la... Le vemos que el motivo de mi llamada es por... Lo que me gusta es ponerle su deuda al día, brindando una libio financiero. Y es... Y sacándolo de reporte negativo a terapia de riesgo. Actualmente presenta una mora de mil 1830 mil pesos con nosotros. Venga, venga, venga, le digo, manito, yo no voy a pagar esa deuda, hermano. Porque a mí no me han dado ningún celular, ni nada. Y lo único que fue que firmé, eso fue lo único. Eso ya, eso lo tiene un abogado, no sé qué va a hacer con eso, pero... Hermano, yo como voy a pagar algo que si no me han dado plata, no me han dado nada, hermano. O sea, yo no sé, de dónde me están cobrando hermanos, y... Porque firmé, eso fue lo único malo que firmé. No, no me han entregado nada. Nada, nada, no me han entregado nada. Prepara el 23 de abril de la..."
92778da9-c37a-4eee-9ca5-81f835e7c5a4.wav,humano,176.48000000000002,"en las regiones de la ciudad de de la policía de la alternativa sobre su obligación y borrar su historial negativo ante centrales de riesgo. Soligación. Eh. ¿A la fecha señor? Ve una consulta. No, no sé por qué me están llamando eso si la besta se me llamaron hace como un mes. Yo ya hice la cancelación en totalidad del al cuarto de pago y es un acuerdo de pago por dos cotas. Yo ya cancelé las dos cotas el mismo día y la misma fecha. Entiendo señor Mauricio. Sí. Yo sé algún WhatsApp reporto el pago. Eh, al correo de abogados punto el correo que me vota y la página de creyvalores. Comprendo. Le voy a enviar un WhatsApp para que me reporte en los dos pagos para ya hacer el proceso de paz y salvo y bajarlo del sistema señor Mauricio que no les sigamos generando llamar. Sí. Sí, qué pena y quería hacer usted esta pregunta lo que pasa es que a mí me llamaron el mes pasado y me había propuesto un acuerdo de pago en dos cotas uno para el 30 del mes que pasó y otro para el final de este mes pero pues yo me conseguí la plata y pagué las dos cotas y me dieron. Y pues obviamente me dieron que tocaba y me tocaba cancelar. Cota que estaba ahí reflejada en el desprendible que me envió a ya creyvalores a un correo y que ellos me envieron una certificación de la duda yo cancelé esa totalidad de la duda neta y en un solo en un solo pago. Y entonces yo ya tengo el voucher y yo enví eso a un correo de abogados y eso que me aparecía en la página ahí de creyvalores porque yo estaba por allá no, sí porque yo estaba en un departamento de Carudú que eso es de evaupés allá no tenía acceso yo a ningún, sí a ningún tipo para hacer esa cancelación a la ciudad. Busqué la oficina de creyvalores, no encontró oficina de creyvalores entonces me acercé a una etrepe y mediante el código de convenio cancelé la totalidad de las dudas mujeres. Perfecto señor Mauricio, como les digo voy a enviarle un voucher para que me reporten la concinación, el soporte de pago y ya tramitar su pase salvo señor Mauricio. Ah ok te lo agradezco mujer bueno. De acuerdo. Que tengo una excelente día y quedo pendiente a su chico. Espero tu mensaje, gracias. Buen día."
93d0abfc-ece6-488b-bee8-950abb980520.wav,humano,175.0,"Eh Julu Allen Pero no, que guasas vienen porque no me ha llegado nada. Sí, señoras y las parecestas ya han cambiado el acuerdo del pago con las dos hechas para el pago. Me dijeron que me lo mandarían a mi puta y no me llegaron. ¿Me confirma entonces nuevamente su número de guatas? El mismo número es C-301-713-0126. Cero uno, cero uno, pero me lo falta el número. Cero uno, siete tres. Ciete treinta. Ciete treinta. Cero uno, cero seis. Ciete treinta, cero uno, veintiuno. Sí, señor, también fue enviado por correo. ¿Listo? ¿Qué correo tiene? ¿Me lo confirma? El correo es j-a-i-r-d-y-u-k-v-d-d-do-a-d-g-n-e-n.com ¿Ve de qué? V-de-v-n-o-d-o-o-o-o-o-o-o-o-o-o-o-o-o-o. Ajá, sí, ah, sí, está bien. D-d-d-do-a-d-d-d-g-n-e-n-c-n-t-o-o-o-o. Está bien. ¿Listo? Entonces, para escribir... ¿Horita los realizo? ¿Listo, si, señor, entonces, qué opinión? Una vez termine de realizar el pago, se me envía el comprobar para actualizar el sistema, por favor. ¿Ah, listo? Al mismo WhatsApp. Sí, sí, sí. Está bien, muchas gracias. ¿Listo, si, señor? Muchas gracias, señor. Si yo no estaría llamada mañana, ya, ya ha recibido el comprobar de fa... Gracias. ¿Listo, señor, al menos? Gracias, pero tengo que haber el comprobar de fa. ¿Listo? Bueno, está bien. Gracias, señor. Igualmente."
9919c667-3ebe-4e77-98a6-58623c85f678.wav,humano,152.0,"<|es|> sigue Okay Buenos días por comer el c*** ¿Cierto? Sí ¿Cómo está? Me comunico de soluciones para el compromiso de pago para el día de hoy por 600 mil pesos respecto a su apoyo jurídico asimpteniente con el BBBVA ¿Consumo el consumer ese c***? ¿Tiene claro los medios de pago? ¿Gotaría que le confirme la información de los mismos? No, yo tengo ahí... es el mismo whatsapp yo escrito ahí, es el mismo whatsapp, ¿cierto? Sí, ese c*** es el mismo whatsapp son los mismos datos de pago en este caso pues la idea es que tan pronto se realice el pago ya que el compromiso es parado y no se envía el soporte por whatsapp para poder generar las aplicaciones correspondientes ¿Y esto sería la segunda c*** de 7? Ah bueno, sí, la segunda c*** de 7 es correcta ¿Certifico que pena pues como ser tan prevenido? ¿Cómo se predica que ustedes puedan ser tan energéticos de BBBA y que están tratando de crédito porque si no hayas una estafa o algo así? Claro que sí señor Cristian, si usted gusta usted se puede o remitir directamente a BBBA, valiar también en su correo electrónico ahí nosotros ya enviamos el documento de sesión el documento de sesión pues se especifica en nosotros nosotros, no es actualmente los dueños de la cartera o pues si usted gusta puede o llamar a BBBA o comunicarse con ellos y los llevan a confirmar que se traduciona como el dueño de la cartera no habría ningún inconveniente si usted merece c*** de 7.5 o alineando pues por su correo ya el documento de sesión que le llegó obviamente Eso me digo, ¿el correo o la información? Sí, es la sesión le llegó al correo, sí señor ¿Cuál es el correo que usted dio o certificó eso? El correo de nosotros es atención al cliente a robosolucionaco.com Si usted merece el gusto se lo envió por WhatsApp para que se lo tenga ahí lo copie, lo pegue y valide pues el correo que le llegó Ah vale, sí por favor, os me la envíe ¿Listo si c*** claro que sí? Igual cualquier novedad con gusto por WhatsApp yo soy para atenderlo ¿Listo? Bueno gracias Bueno, por haber tenido mi llamada que va a tener que estar muy bien, hasta luego"
a3383d00-b984-4cb8-845b-77e19c520ffd.wav,humano,131.88,"¿Cómo está la habla Daniela? Me comunicó de solucion. Nosotros somos quienes actualmente compramos la cartera de desoblización pendiente con el van... ¿No se encuentra el día de hoy? Estoy llamando de vida el compromiso de pago que ese mes le tenía para el día 13 de junio y quiero no registro dicho pago en el sistema quisiera confirmar con su mes de porque motivo no se puede hacer el pago. Se pasa así en el enfermer y entonces todavía estoy así como enferma entonces esto tuve que pasar en algunos medicamentos y eso fue lo que me pasó. Comprendes mi mierda, ¿cómo ha pensado solucionar el tema de la obligación pendiente? Pues yo estaba pensando no, mi pensión es realmente cancelar pero no sé ahorita no, prácticamente lo que me llegó me tocó pasarlo en mi salud y tengo algunas cosas en el pendiente no sé si me den otra pregua o algo así. Que la verdad manejamos un beneficio especial y digamos que en este caso un descuento y todo pero pues la idea sería si por la ayuda podría hacer el pago si quiere yo le extiendo el plazo ahorita para el día 10 de julio. Para este viernes. Si para el día de julio podría hacer el pago de los 400 mil pesos. Listo su mérdela entonces yo quedo atenta al envío del comprobante de pago yo le voy a adquirir por whatsapp para recordarle los medios de pago y espero que sin embargo cualquier situación adversa que se le esté generando pues usted se mejore y se solucione. Señorita, muchas gracias por la información, a usted y la bendiga y gracias por atender mi llamada."
ab2ac983-c562-4f79-a570-ee22de052d88.wav,humano,347.94,"ть mon lawn ¿Cómo está? Me alegra mucho. Me estoy comunicando con un ser referente al crédito que usted tiene con la que actualmente se está encontrando con una deuda total por el valor de 1.400. Si si éramos o podríamos contar con ese pago el día de hoy. No, no lo descontraigo. De acuerdo, pero es actualmente se está encontrando, se encuentra elaborando. Sí, hace que un precio ya va a bajar. De acuerdo, pues yo me estoy comunicando con usted ya que a la fecha usted tiene activo un beneficio para cancelar el valor de 480 mil pesos y dejar a paz y salvo el crédito. Podría por lo menos cancelar este valor a más tarde del día de mañana. Cierra financiero para sí misma dejar a paz y salvo el crédito. Esto sería lo que me esperaba. Ellos, si quieres llevarlo mañana por ahí las cuatro de la tarde y yo pues yo platico esta, porque si la verdad que estoy interesado en saber que es el crédito con más roga, lo hay que hacer ya a paz y salvo con ellos. Gracias. Pero ya, de respuestas mañana, mañana sí los quiere, pues llegamos a un acuerdo donde un día de llevar el dinero. De acuerdo, entonces yo el día de mañana a las cuatro de la tarde me indica. Sí, de acuerdo. De acuerdo, yo el día de mañana yo me comunico con usted a las cuatro de la tarde y tengan cuenta que para usted dejar a paz y salvo y acuerce al valor de 480 mil pesos para cancelar a más tardar el día de mañana que estamos en Sierra financiero, de acuerdo. Perfecto, señor. Entonces yo el día de mañana me comunico con usted. Ok, pregunta. Un último agroparato de conformación del Valle. Sí, señor. Claro que si nosotros igualmente al correo le enviamos a usted un acuerdo y es usted lo imprime y usted se acerca directamente al banco a cancelar. No nos debe cancelar a nosotros y demás nada sino únicamente en el banco usted cancela ese valor. Que usted no, como un recibo, neto, o sea, el valor neto y yo solamente no el día de mañana y ya se quedaría ya en su agroparato. Sí, señor, el acuerdo de pago, sí, señor. Por eso, otra pregunta. Dado agroparato de que mañana, como estábamos hablando, toda la cuestión y para que en cuanto tiempo se podria levantar esa, o sea, que ya parezca el insensoramiento de riesgo y entonces los reportes negativos. Si usted se dice que es negativo. De acuerdo, sí, señor. Pues en este caso, como tal, una vez suba la paz y salvo, lo que hace el ma***** envía antes centrales de riesgo la solicitud para que le quiten un ser reporte negativo. Lo que pasa es que en este momento el castigo de riesgo, cuál es el castigo que ellos lean directamente a los clientes, es que le quitan el reporte negativo antes centrales de riesgo. Una vez cumplan el doble día, se mora que usted se haya demorado, valga la redundancia, en cancelar ese crédito. Sin embargo, con su paz y salvo y demás, usted puede remitirlo antes centrales de riesgo para que le quiten ese reporte negativo. O sea, yo digo, aproximadamente, este es el ejemplo, yo digo, y son profesionales, que ya casi me admito, o sea, que perdiendo ese entorno. ¿Y a eso? Sí, señor. Ese es el castigo de centrales de riesgo. Ese es el castigo, porque nosotros como tal directamente, no envía. Que si os da como el reporte, pues que ustedes ya están en el salvo. Pero el castigo directamente de centrales de riesgo es, le quitan a los clientes del reporte negativo, una vez se haya cumplido el doble día, se demora. Sin embargo, usted puede validar, si de pronto usted quiere sacar un crédito y demás, con su paz y salvo que lean en el... puede validar. Y también directamente en centrales de riesgo, usted envía el paz y salvo, que ya está paz y salvo, para que por favor le quiten el reporte negativo. Ok, vale. ¿De acuerdo? Entonces, yo el día de mañana me comunicó con usted sobre las 4 de la tarde, para sí mismo, entonces, generar el compromiso de pago, enviarle el acuerdo y pues usted puede cancelar para que así mismo usted se reactive financieramente ¿de acuerdo? Ya estoy en la tarde. ¿Alguna u otra pregunta en lo que le pueda colaborar? No, la c*** de aquí hace a la... Perfecto, señor Julián. El día de mañana me comunicó con usted que tengo su excelente tarde. Hasta luego."
ae0573ba-193e-42ac-bcc8-4c376a122f8e.wav,humano,295.86,"¿Cómo está? ¿Está hablando Daniela? Me comunico de soluciones a cub. Nosotros somos quienes actualmente compramos la cartera de solidaridad y un pindiente con. ¿Señora? No, que es súper porque es que la barra te ha tratado de ucar quien la compró. Ah, listo, sí señora. Bueno, le quiero comentar que actualmente su mes se tiene un saldo total de 907.405 pesos como totalidad de la obligación. Por eso estamos manejando una campaña de descuento donde si su mes se paga el valor de 680 mil pesos podría cubrir la totalidad de la obligación. Con su marca, un comercio se tiene un culto de 100 mil pesos. ¿Qué interesa la con este descuento? Ok, pero ¿Cómo estás? Ah, pero la otra vez me llamaron para lo mismo, pero entonces yo lo que decía era, eso se tiene que pagar en efectivo, en un banco. Claro, ¿Cómo funciona? Cuando nosotros generamos la compra de cartera, nosotros somos los nuevos dueños de la obligación, por ende el pago se tiene que hacer a solución a cub. Nosotros manejamos un convenio con Banco Colombia, el convenio 99-024, usted puede realizar el pago con el número de convenios y el número de células o si ya va a realizar transferencia pues también manejamos el número de cuentas para que pueda generar cualquier tipo de transferencia. Lo ideal es que se realice el pago total y ya posterior a que se realice el pago nosotros generamos el tramite para su pas y salvo y también pues para eliminar el tema del reporte negativo en centrales de riesgo. De pronto, si no tengo una consulta. Sí señora, yo tengo otro reporte con otra entidad, es posible que ustedes también puedan comprar esa? Nosotros manejamos solamente, digamos que la compra de esta cartera con que entidad es? Con... con corenza. Y ellos manejan como Banco Colombia. No, sumer de nosotros no manejamos este tipo de carteras, o sea, lo tenemos un convenio con corenza, tenemos este convenio de... Pero en este caso sí, pues sería, por lo menos para que eliminen el reporte de esta obligación y ya pues sería validar con corenza o como manejan el tema de la obligación. Sí, me tocaría parte, ok. Sí, señora, quisiera confirmar con su mes de c*** cuando podría realizar el pago. Pues lo ideal es generarlo, esta propuesta sería para que sumerse cáncele para el día 15, le quedaría bien para el 15 de julio? Para el 15 de julio? Sí, sí me quedaría bien por esa fecha. Listo, le confirmo. Entonces sería un acuerdo de pago total por 680.000 pesos para el 15 de julio, único pago, en este caso, este mismo número, sumerse y maneja WhatsApp. Un número de qué? Maneja WhatsApp para enviarle la información de las cuentas, medios de pago. Eso es el mismo número. Listo, ese c***. Entonces voy a dejar la notación acá en el sistema y le voy a estar escribiendo para que tenga la información de los medios de pago. Es posible que tú me puedas enviar todo ese tema por correo. Ah, qué correo. Sí, manejamos un correo, pero pues digamos que lo ideal, como para efectos de particia, sería que lo tenga sumerse también en el WhatsApp. Pero digamos que me gusta tener algo por escrito y pues el WhatsApp como que no es tan confiable. Claro, no. Pero sí me gustaría por correo. Listo, m***. Entonces vamos a obligar el correo que está acá registrado. No sé si sumerse de punto haya hecho un cambio de correo. Me lo confirmo, es por favor. Sí, señora, permítame. Confirmo es p***arobajimeil.com. Hola. Eh, sí. P*** con... Con quién? Mm-hm. Bueno, lo tengo tres veces en y pero entonces ya lo pongo doble de ni. Ah, no, no, no, sí son tres. Sí, no, no, no. Sí, son tres. Sí. O sí quieres, te oye otro también, ahí se puede, se puede dar los dos. Sí, sí, está bien. Correo. El otro de p***. WN y de punto. P***. P***. P***. Por robajimeil.com. P***. P***. WN. Y la cena. P***. Y con p***, así. P***. P***. Y latino. P***. P***. Ah, sí. La gata. P***. Entonces al correo le va a estar llegando también el acuerdo de paco formalizado. Ah, listo, súper. Muchas gracias. Bueno, si p***. Este por ahora se que... Bueno, pues se viene hasta luego. Unas calvas."
b7318057-111f-4bd0-adbc-943bd06ce4e0.wav,humano,285.0,"Aló. Buenos días. Buenos días. Comunico con el **** por favor. Con el habla. Mucho gusto con el ****. Me voy a hablar de una del área de conciliación de créditos para el autor. ¿Cómo están? Muy bien, gracias a Dios. Me alegra mucho de **** que te encuentro bien el día de hoy. Rapidamente me comunicó con ustedes para indicarle que ese día de hoy me está comenzando con el fin de lograr una conciliación referente a su crédito pendiente con crédito a dólares puesto que se está otorgando un descuento del 10% donde actualmente se tiene una obligación aproximada de 1.420.000 pesos. Se les está otorgando beneficia del 10% de condonación sobre intereses toda la obligación donde se generan un pago de 1.278 que haría totalmente a paz y sal o este valor también lo puede dividir en dos, diferir en dos obligaciones, en dos contados, donde con cada cota de 840.000 pesos la primera sería para el mes de julio y la segunda para el mes de agosto que haría pues totalmente salda esta obligación sosteniendo este valor que se patearían el acuerdo. Y que, y venga, díganme una cosa, en julio en qué fecha podría pagar yo? En julio ya usted me indicaría, si le quedaría bien para el 15, 16 o 17 que es donde estabilitar esa propuesta de pago. Venga, para el 17 porque lo que pasa es que yo estoy esperando una liquidación de transportes ya donde yo estaba trabajando actualmente, ya, entonces me queda bien para pagar, para pagar allí el 17, para pagar el 17 la mitad y en agosto por ahí para el 15 volver a pagar la otra, 15 o 16 pagar la otra. Listo, el acuerdo, el acuerdo de pago bajo el descuento que se les está otorgando, donde listo, permítame entonces un momento por favor. Permítame, voy a proyectar el acuerdo en el sistema. Permítame que ya se valían de la coordenada en el sistema para proyectar. Ya. Permítame por favor que el sistema me está pagando. Si, eso me indica que para el 17 de julio estaría generando el pago de la primer cuota. De la primer cuota, si. Listo, entonces. Listo, la primer cuota que haría proyectada por valor de 650 y la segunda por valor de 650. Listo? Listo, esto no hay problema. Listo, perfecto, entonces ya se le proyectaría el acuerdo, por favor me remite su correo electrónico actual para hacer el envío del soporte por más. Si señor. 83 M de mamá, arroballimail.com Listo, sirva 83 M arroballimail.com Ah, ah, si. Listo, señor. Entonces en ese orden de ideas el acuerdo ya queda proyectado en el sistema en un término de uno a dos días hábiles le estaría haciendo envío de ese documento. De igual manera yo nuevamente me estaría comunicando con usted para hacer como tal la confirmación de el documento y que haría proyectada el acuerdo de pago en la siguiente manera. Se hace una condonación sobre su saldo total donde quedaría diferido a dos cuotas cada una de 650.000 pesos y la fecha para el primer pago sería el 17 de julio y la segunda fecha del segundo pago quedaría proyectada para el 15 de agosto, correcto? Muchas gracias. Listo, señor. Muchas gracias por haber atendido mi llamada que esté muy bien. Gracias. El medio de pago los va a encontrar específicamente en el documento que se le va a remitir. Listo? Muchísimas gracias. A usted señor. Que esté muy bien, que tengo un excelente resto de día. Hasta luego. Bueno, hasta luego."
b954108b-c0c2-45e8-9032-1a3e87d60778.wav,humano,105.52,"de actividad migración, causación ¿Cómo? ¿Qué le que habla? Pero ¿Usted qué habla? De una oligación. De una oligación, ¿sí? Que ella tiene este oído. ¿Me puedes comunicar conmigo a favor? Ella no, ella no vive aquí. Ví, vi en el teléfono tampoco. ¿Y me puede dar el número telefónico de ella? Yo no sé, el teléfono de ella no sé. ¿Pero qué es eso? Bueno, bueno. ¿Esa es una jueza o no? ¿Está haciendo un interrogatorio o qué es eso? No, pero tiene que haber, no quiere comunicarle con ella para darle un beneficio y un descuento que ella tiene en este momento."
c067f714-3f61-478d-90da-b366c1f4da54.wav,humano,84.94,"pero. Pinahu lo, lo lashlo. F horizont aleg lessons, de los cotas, la primera cotas a por un mesos de 580 pesos, ¿de confirmarías ese acuerdo? ¿Se enviaba su correo el Econocuí recibir mismo? El correo, sino que es que yo resabré todo lo que y necesitaría los medios de plan. Comprendo, o sea, solicitaría el correo estorresgoesjosearroaj.com Sí, señorita. Sus acusos se los puedo solicitar a través de pdf, a la área de documentación para que sea remitido a través de pdf, y allí va a encontrar los medios de pago. Recuerda que logro sin el su plataforma para que se pueda albezar y generar su pago correspondiente. Y eso, entonces me confirmaría su pago para el video y ya le solicito como tal su respectivo acuerdo de enviar algo a la pdf, ¿de lo que le hizo? Le hizo. Muchísimas gracias por la atención. Por favor, hacer envío del soporte a través de el correo que te le va a hacer el envío del acuerdo, ¿de lo hizo? Ok. A la pdf, que estén muy bien hasta luego. Hasta luego."
c5d3d94f-8e64-459a-9794-509fc000611a.wav,humano,109.0,"A lo... Buenas tardes. ¿Sí? ¿Me comunico con el señor Ángel Alberto Ortiz? Sí. ¿Mucho gusto, señora Ángel de habla, yo a un c*** y concile asiente, logros placer y represencia en c*** como está? Bien, gracias a Dios. Hija, no sé si me puede llamar más tarde, ahorita estoy ocupado. Perfecto. De igual manera, lo voy a dejar una notificación en vida a Guasa para poder poder vinta la información atrás de este me. Bueno, de hecho no sé si la envíe dentro un ratico, que estoy instalando el Guasa en otro dispositivo. Perfecto, el listo, el diseño. De hecho, no me voy a llegar a información y se me borra, desde el dispositivo viejo. Bueno, el listo, diseño. Vale, vale. Entonces, la envíe dentro de un ratico. Vale, vale. Bueno, hasta luego. Saludo. Gracias."
ce33bc23-16ba-43ec-afc5-9eac1cf0bf98.wav,humano,1235.74,"Muy buenas tardes. Muy buenas tardes. Fue a Tremorles las ****. Sí señor, aquí está con ****. Mucho gusto les **** Detellete. Ah sí. Nosotros somos la entidad que compró la cartera de la obligación con credo a valores. Con quién tengo el gusto. Aquí ella está en la la mano de la posa. Que escucharte para el hotel. No, no, no. Dígame. ¿Cómo es cómo es **** con una persona? Sí señor. Eh la eh ¿Me podría confirmar eh la **** ¿Se encuentra a su lado? Díale. Sí. ¿Cómo me leía? Bien, gracias. Alegría bastante. Entonces, no sé si Mito Nuevo, ¿Esta bien? ¿O lo aumento más para que puedan escucharlo todos? Ah está bien. Me escuché. Perfecto. Entonces les confiero. Sí. Actualmente se tiene un compromiso, una obligación con credo a valores. Sí. Esto hace referencia, esto hace referencia a una tarjeta, a una tarjeta crédito de eh hace año dos mil veintitrés aproximadamente. Sí, señorán. Entonces, sí. El la deuda total a la pecha que se ha generado ha sido de millón trescientos cuarenta y ocho mil pesos. Sí. Sí. Entonces nosotros tenemos diferentes opciones para dejar al día esa obligación y pues que puedan tomar su paz y salvo y retirar el reporte negativo en centrales de riesgo. En este caso. Sí. La primera opción es que pues nosotros eh la compañía ofrece condonar lo que son intereses, intereses moratorios y realizar un único un único pago del producto financiero hasta su corte que eso se llama pago a capital de novecientos cuarenta y tres mil pesos. Un pagadero en un solo en una sola cuota. No sé si te puedan adoptar por esa opción. Pues si yo lo que yo creo, a ver yo me voy a comunicar, es que mirad nosotros estos uno tienen en el oficial de esa empresa. Sí, señorán. Sí, señorán. Lástimosamente que sucede con vendió su cartera debido a que pues ellos ya se retiraron prácticamente del negocio financiero. Sí. Por el ya no tiene sus oficinas, lo único que manejan, lo poco que como manejan es oficina virtual. Sí, señorán. Nosotros como se dice que somos la empresa que compró y adquirido esa cartera. Por esa razón digamos las deudas, las deudas, aunque la empresa pues digamos haya cerrado, la deuda continúa vivo. Sí. Sí, sí, sí. Porque es que yo te pregunto que esto es por la nada, por la nada, no es una personal, no es una personal y no es eso. Pero nosotros allí teníamos una deuda que era de cientos y pico. Yo pagué la mitad, concineras mitad y que es un mes o veinte y concinaras mitad y no elisar tan de una con mi productor. Y eso no tiene un año. ¿Tienes un año? Sí. Cuando yo pagué. Bueno, claro que tengo una pero, pero diréis ya ahora que nos ven a aparecer ya van a aparecer una deuda otra vez algo difícil. Lástimosamente estas deudas financieras lo que sucede es que cuando se llegan acuerdos, por eso yo les digo a las personas cuando por ejemplo celebran un acuerdo con mí por favor un estricto cumplimiento en el acuerdo para que no haya ningún tipo de cumplimiento y la deuda continúa creciendo. Por eso digamos un ejemplo. Yo lo que le puedo ofrecer en caso tal de que digamos, me voy a hacer una una pregunta a los dos. En este caso guardar esa deuda total, esa deuda total de manera mensual a cuotas, ¿qué monto podrían usted realizar el pago mensual? Digamos no me va a afectar, no me voy a comprometer con un millón de pesos porque no puedo, pero sí puedo tanto. Para que cosa de que podamos congelar la deuda hasta ahí, no me daré el acuerdo y que ustedes digan sí puedo o no pueden. No, no, pero si me damos ustedes, es que, si me damos ustedes falle esto, entreme las deudas de tanto. A ellos les digo, claro, si me damos de acuerdo, si yo que sí, bueno, si me acuerdo. Pero que tienen que hacer? En el primer momento, uno para la primera cosa, debe el desigir con una acción de conmigo porque se le anuncia a una goma y uno no tiene goma y le golpea a un bejo a un hombre porque eso no contesta, no suena, no pasa mal y que a una vez es como perdido a la vez. Claro, totalmente, totalmente de acción. Por eso se está yendo la pata porque no para alguien para un tal y que a lo fin pide o quise y algo así para la otra mitad. Y no como en las comunidades delibuéramos con ustedes. No, en este caso, bueno, desde el IS, porque digamos que lastimosamente no puede hablar lo mismo de de los funcionarios que en su momento recibieron sus solicitudes, nosotros ¿Qué hacemos? Nosotros, por ejemplo, su merced me dice, listo, yo voy a pagar eso a tres cuotas, voy a pagarlo a tres cuotas. Inmediatamente, lo que yo hago es que le pido a directamente a nuestra jefatura que elabore ese acuerdo de pago. Sí, una vez elabora el acuerdo, le llega a sumerse eh, vía WhatsApp, correo electrónico, si lo quiere más formal, se le hace el envío, para que sumerse constante el acuerdo que es lo que, ¿Cuáles son las cláusulas políticas de esta obligación con credibilores? Sí, si es de un, si es de un solo, de un solo monto, una cuantía, de una vez para que se afirmó y de una vez se solicita el pasisalvo, que prácticamente son doce días de general pasisalvo y ya a los ocho días del corrido del próximo mes se hace el revetiro en centrales de riesgo. Ese es el derecho, cancela la totalidad. Sí, de pronto es un pacto a cuatro cuotas, ahí mismo se hace el abor del acuerdo y ahí están los números de contacto. Mi número de contacto como asesor inicial va va a ser el de, si señor, ya realizó el pago, mire, tiene el pago para la siguiente fecha. Sin embargo, en el mismo acuerdo, ahí también está el número corporativo, porque resulta que acá, pues, salió otra oferta de trabajo y pues, ya le entregó esas esas SIMCAR, pero pues obviamente hay personas que escribirán las SIMCAR y ya no contestan, porque así son las SIMCAR corporativas, se la van a, hasta que se las signen a otra persona, pero las personas pueden comunicarse también por correo electrónico o al mismo WhatsApp corporativo de mi c*** en caso tal de que usted tenga algún problema, por ejemplo, con la cuenta que el número se ve borroso, un ejemplo, ah, no, perfecto, el número de cuentas este, pero que se pueda realizar el pago. Estoy poniendo ejemplos así. Porque la idea no es dejarlos a ustedes, solo a la c*** tome un documento y mire a ver cómo puede pagar. No, la idea es acompañarnos en ese proceso para que, y como yo siempre le digo, que tenga una experiencia en iCode, yo siempre les digo, porfa, indíganme, tranquilos con toda confianza, yo puedo pagar esto y de ahí no me puedo pasar porque le incumplo. Yo prefiero que me digan eso, a que hice el esfuerzo la primera vez y en la segunda no pude. Por eso, me siente, por ver, yo me siento que me he como que está esperando una persona que me diga la vecina porque es que pagué cuatro ciento y pico y ya listo, no, no tengo una comunicación y ahora que me voy, que voy a comunicar con usted, ya la dedo a traer al encima. Entonces, yo digo, pues, entonces, no, no, no, yo no voy a pagar el c*** a c*** sin moleda, pero yo sí propone dos meses de c***, agarran y listo. Sí, señor, porque en, porque en este, en ese caso, en ese caso, sí, lo que, lo que nosotros hacemos, bueno, de c***, por eso digo, no me trego a opinar de otro comportamiento de otros funcionarios, porque los, los desconozco, es que nosotros, yo siempre me doy esa, esa pasaría. Si yo no la respondo, muy seguramente, es c***, o es una hora de almuerzo, o es fin de semana, pero de lo contrario, ahí está el número también de la empresa para que se pueda comunicar. Sí, digan, en, en, en cuán, o sea, eso prepa con el dos co, digan, el banco, te lo minima, dice. Sí, señor, porque en ese caso, digamos, digamos que la posibilidad, la primera, digamos, la descartamos por el monto, los no son 943, no los tenemos disponibles. Pero una, una segunda opción. La segunda opción es que la deuda total, como les dijo, está en milion trescientos cuarenta y ocho mil pesos. Sin embargo, lo que yo puedo hacer es solicitar a nuestra gestatura un descuento del 10% y eso, cancelarlo en tres cuotas, que cada cuota sería de cuatrocientos cuatro mil pesos. Y millón doscientos tres mil. Ya serían millón doscientos trece mil pesos, más o menos. Sí. Señor. O, sí, o, o digamos, que en este caso, no, la verdad, no, yo no puedo, no, no alcanzo, no alcanzo, no, f***. Yo quiero saberes, porque por ejemplo, me, me veo más, más a gatas. Entonces, yo puedo decirle que ese millón trescientos cuarenta y ocho, lo puedo financiar o prácticamente pagar a cuotas. A, en cinco cuotas, un ejemplo de doscientos de doscientos setenta mil pesos. Cinco cuotas. Vamos a cargaros. ¿Qué hagan? Doscientos cuotas. Y ahí, en el mismo acuerdo, una vez, una vez me dicen, no, lisa, yo voy a pagar mi primera cuota al treinta. Y la siguiente para cuándo va, para el treinta. Y la siguiente, para el treinta. Entonces, en el mismo acuerdo va e informa que una vez pactemos esto, se congela esa deuda. O sea, ya hay un acuerdo. No, no, no. Ya hay un acuerdo. O sea, no le va a subir que de millón trescientos cuarenta y ocho pasó a dos millones. Se va a quedar inmediatamente en millón trescientos cuarenta y ocho. Pero que usted traiga esta sierra. Tiene una arriba, no, mía. Vamos a una cuota. ¿Qué tiene la sierra? Si me estás poniendo. Dos cuotas. ¿Cuántas? De cuatrocientas. ¿Qué? De cuatro, de cuatrocientos cuatro mil cuatrocientos, más exactamente. Serían ochocientos millones. Trésis. Entonces, déjeme, por favor, ponga, mira, déjame al dos meses. Le puedo dar vueltas no veintuatro, no? El primer punto del vierno. ¿No cierto? El treinta y uno es el vierno, si señor. El treinta y uno es el vierno. Bueno, entonces, vamos a la siguiente ¿Dónde todo el vierno? Le puedo dar los cuatrocientos pesos, ¿No cierto? Los cuatrocientos cinco mil, señor. Vos cinco, no sé. Y el otro treinta, el otro mes se lea el resto, pero de ahí, realmente, mantén las poblaciones con uno. No, la primera, porque ya se tiene a los años papá, no estoy de acuerdo, no? Pues una persona te va a enjercer, te va a enjercer, no me aporta, ahora eso me nunca diría, te da acuerdo ni nada. Uno no tiene su suerte, o la verdad, o la verdad, o la ni nada, porque a la hora de este pues si no pago, no lo pago, y listo. No tiene crédito en ninguna parte de esto, pero es el resto, sí me entendí, una tiene que serio con las cosas. Pues, entonces, acabamos los mejor. Me recuerda, me recuerda su nombre, por favor. El mío eso es justino, al ente yo sí, es que preferiblemente yo prefiero dirigirme por nombres, señora Luz Marina. Sí, vamos a hacer lo siguiente, la deuda, la deuda total es de milion trescientos cuarenta y ocho mil pesos. Voy a hacer lo siguiente, voy a solicitar como en este caso, no vamos a hacer el pago directamente de capital para que quede en novecientos cuarenta y tres. Lo que voy a solicitar es que ese milion trescientos cuarenta y ocho, no nuestra jefatura, a ver si me autoriza que tengamos un veinte por ciento de descuento. O sea, quedando la deuda en milion ciento cuarenta y cinco mil ocho cientos pesos. Y que ese milion ciento cuarenta y cinco mil ocho cientos pesos se pueda pagar en tres cuotas cada una más o menos de trescientos ochenta y dos mil pesos. Sí, señor, sí me hago entenderte. ¿No? Pero no lleva la semana, tres meses. Sí, señor. No sé, papá. No sé. 30. Porque... A 30. Exactamente, para pagar durante el 30 de julio, 30 de agosto. ¿Gosto? Y 30 de septiembre, sí, señor. Mmm-hmm. Por un valor, en este caso, como lo digo, de 360.000 pesos. Sí. Y como te digo, que el 30 de esta vez, te oye la primera cosa. Sí. Y si llegas 30 de otro mes y tengo las dos cosas de esta caso, ¿es el cuento de los 3% de uno o no? Pues créame que no voy a ver ningún inconveniente y no he escuchado la primera entidad, que diga, no, no, no. No me pase todavía los 360.000. De una vez. Porque pues el propósito es de esa vez. Entonces hagamos lo siguiente. Yo le voy a enviar el acuerdo. Le voy a primero a solicitar la autorización. Y me voy a estar convocando con ustedes via WhatsApp. Si ustedes tienen alguna duda de ingiestud y les envío el acuerdo. Este acuerdo, efectivamente, ustedes realizan el pago. Y este acuerdo debe ir acompañado, firmado, el cual ustedes van a enviar al correo electrónico, donde ustedes van a poder constatar todo lo que ustedes están viviendo. Si. En este caso, ¿sí? Firmado por la c***. Sí, yo te quiero poner otra. ¿Sí? O sea, si vos me estás tratando de atacar en mi drone, yo un 100 que pico, pero que es con eso. Y te parecen sucibidos, ¿no? Señor, me dice, disculpame que si me pueda. Que me asombran, te dan las notas, que te corten el 100 y le llenen que algo de hacer. ¿Un 100 y claro? Pongan el 1.000.000 de cientos. ¿Sí? Sí, señor. Bueno, yo te voy a hacer otro propósito. Porque yo estoy viendo de malas, pues customs, pero entonces el tactico la situación es tan descuadrando. Yo estoy a con ese Idiota. El Isao tenéssinelo y el 15 de agosto, yo te hago en millón. 100.000 de 1.000.000.000, ¿No te parece mejor idea? Lo que pasa que te pegue como un 10 o no lo que lo que lo que sucede y que mejor, que mejor que salió esa negociación que su marce me dice. Lo que pasa es que como tal para el corte de la empresa, julio y en julio la deuda es mil 348 y en agosto lastimosamente se acumula otro mes de intereses, otro mes de intereses modativos, otro mes de intereses de cosas y nos cambia lo que es primero el valor de la deuda y segundo nos puede cambiar políticas, me pueden decir no que pena ya no podemos dar el 20 sino solamente sea el 5 porque totalmente ya me ha pasado entonces no que es lo que sucede que puede llamar por ejemplo llama el 2 y yo me comunico y le digo ah listo perfecto su deuda de la fecha de hoy son mil 480 ay que paso si yo había visto que era mil 348 ya cambiamos de mes y obviamente eso es como el recibe la luz, el cambio va llegando otra cuática mal entonces lastimosamente ya ah entonces yo voy a hacer la solicitud para que el mil 348 reciba el 20% de descuento me quede en mil 178 mil 400 y pueda usted pagarlo en tres cuotas en tres cuotas y ya y decir en la segunda quiere cancelar las otras no hay ningún problema la entidad no se va a poner porque como tal no es que la ese dinero como le digo se va a congelar en mil 1300 perdón en mil 178 mil 400 no es que si usted se demora otra vez en otro mes va a subir 10 mil 20 no igual los 300 de igual forma entonces vamos gente yo les voy a enviar todo por escrito para que ustedes lo puedan si tienen dudas me pueden escribir y yo me comunico bueno si el día de mañana update exactamente no hay ningún problema. No hay ningún inconveniente. Sí señor. Bueno, mi señora luz marina no les quito más tiempo y les deseo una feliz tarde. Bueno, a la mas reconoció un neighbours porque lajak yo lo sabía la poetry el"
d741fe26-bbd4-41ab-a3c5-0c94791c6a1f.wav,humano,302.54,"parliamentary0 rehabilitation Bueno, estérdate. Si, muy bien. Por favor, llevó un torre. le voy a decirle ya. Sí, le digo a mucho gusto le habla Daniela, me estoy comunicando de logros. Nosotros somos quienes actualmente compramos la cartera de su obligación pimiento con el banco. ¿Cómo se encuentra la tarde de hoy? Con el colegio de Ciudad de la Universidad. Me alegra que se encuentre bien, si señores les estoy llamando porque en este momento la deuda nos registra con un saldo total de 856.881 pesos. ¿Puedes hacer el pago de la obligación en un período máximo de tres cuantas? No se dice más de 53 de esta oportunidad. ¿Cuál es el banco de la... Sí, si señora. Sí, la verdad si quisieras cerrar o ya deuda. Listo. ¿Y usted podría hacer el pago de los 285.627 pesos? ¿Qué día del mes le quedaría bien ahorita para el 15? No, no, sabes para qué día el 30. Con seguridad yo te puedo dar la primera cuota. Para el 30. ¿Se harían tres cuotas y ya se harían cerradas la deuda? Por no ser. Sí, señor, efectivamente posterior a hecho pues como se nos reporté los pagos de igual forma se generan las aplicaciones y le vamos a allí cuando finalice de pagar a dar la información para que pueda solicitar el respectivo pasisalvo por la página. Vale, sí, señor. Aún favor y cuánto se demora en enviar el... ¿Cuánto somos de los solicitados por la página? Hay más o menos cinco días máxima. Directo... No, nosotros lo que pasa es que... Bueno, les voy a explicarte pronto si no... ¿Le hubiese una entidad que realiza compra de cartera? Nosotros somos actualmente los dueños de la cartera. ¿Qué quiere decir que somos los acreedores? Cuando se hace una sesión de cartera somos los nuevos acreedores de la deuda. Por en... ¿Quién hace toda la sesión? Del reporte negativo en centrales de riesgo y de igual forma pues el tema de los pasisalvos. Cuando somos de realiza el pago para el siguiente mes va a quitar el tema del reporte negativo en centrales de riesgo y de igual forma pues dentro... Tan pronto se aplica el pago. Si el pago es directo... Ya los tres días usted puede solicitar el pasisalvo de una vez por la página. ¿Hay posibilidad de que tú no puedas enviar información al correo? Si, yo le enviaré... Si, yo le enviaré... ¿La información del acuerdo? Si, claro que si la información del acuerdo sería enviada al correo Igual si su asesina a algún lado adicional te ponen toda la información que yo le estoy dando usted puede corroborar esto en el banco. ¿Listo? Vale, si señora. Bueno, entonces quiero confirmarle su correo o el que nos registra tan el sistema es ivjutabaarroajmail.com Si, ese es mi correo si señor. Listo, entonces vamos a poner... Igual, este es mi whatsapp por medio de whatsapp pero nos podemos comunicar. Perfecto, si señora. Entonces también por whatsapp estaríamos comunicándonos es... Bueno, yo lo voy a dejar por el 31 porque el 30 es un domingo. Calcula el tiempo. Ya. 1,2,3... 285.627 sería el valor de la cuota. Yo estoy haciendo el saldo total están los 800. 856.881 pesos. Vale. Listo, el 31 de agosto, el 30 de septiembre y el 31 de octubre que harían las fechas de pago. Listo. Vale, ¿qué te dañas? Listo, ya quedó creada que le acuerdan el sistema. En este caso el transcurso del día o mañana le estaría llegando directamente al correo electrónico. Yo ya pues acá género la aplicación para que le realicen como tal el envío. Pero, sin embargo, le puede estar llegando hasta mañana por temas de logística de nuestro aplicativo, ¿listo? Quiero aclarar que para efectos de seguridad de la llamada está siendo grabada y monitoreada. Para efectos de calidad del servicio para la protección de los datos personales conforme la ley 1581-2012, que es la ley de las datas. Quisiera confirmar con su meses de xxxxx y la información su ministra desclara. Sí, sí, señora. Sí, perfecto. Perfecto, si xxxxx, me agradezco muchísimo por haber atendido mi llamada. Y les dejo que tenga un excelente rey su tarde, que estén muy bien. A ti, gracias."
e76a6feb-b941-4dfc-aebf-4288c13c539c.wav,humano,209.0,"Aló. Aló. Aló. ¡Hucho! ¿Cómo se encuentra el día de hoy? ¿De dónde? ¿De qué? Habla... ¿Cómo son los dueños de su obligación? ¿Cómo se encuentra el día de hoy? ¿Cómo son los dueños de su obligación? ¿Cómo se encuentra el día de hoy? Bien, señora. ¿Cómo se comunica el referente de su obligación? ¿Para validar si usted revisó el pago según compromiso el pago para el día 25 de julio por ciento de 10 pesos y quedará el día con su obligación? Es decir, ya... Ya se ve aquí en el cuerpo frío y entonces no... No le escucho muy bien. Ya cuando falta, ya. Entienden, que se encuentra en el cuarto frío pero estamos validando si usted realizó el pago según compromiso del pago para el día 25 de julio. ¿Pero pago de...? De su obligación con el... que llegó a un acuerdo con nosotros de pagar la totalidad de su obligación para quedará para el día... O sea, ustedes me dijeron que me iban a enviar a un día de... porque, la verdad, me colgaron... no me colgaron sino digamos que me iban a escribir por qué a ver dónde voy a... porque no sé a dónde voy a... Comprendo. ¿A su correo electrónico fue enviado el acuerdo de pago? No sé si usted lo recibió, había correo electrónico. Uy, la verdad, no. Ya miro, pero no, creo que no me llegó porque... Entiendo. Que no le haya llegado el correo electrónico. ¿Realizaría el pago el día de mañana 4 de agosto para reivindiar un nuevo acuerdo? Sí, porque necesitó que quedara para si salvo con el banco. Perfecto. Llegamos un acuerdo el día de hoy para pago el día de mañana los 110 mil pesos. ¿A su correo electrónico le envió el acuerdo de manera formal? Su correo es J, barra, caldo, 046, arroba, gmail.com A los... ¿Cómo hay J? J, barra, caldo, 046, arroba, gmail.com Sí. Perfecto. Este correo le envió el acuerdo de pago de manera formal y el acuerdo de pago va al lín para que usted realice el pago, lo debe hacer en línea. Ok. Perfecto. Si se siente igual forma mañana en las horas de la mañana le envió también una información vía WhatsApp con el acuerdo de pago para que usted realice el pago ya de mañana y quede pendiente el suporte para aplicar su sistema de acuerdos. Ok. Perfecto. ¿Una pregunta? No, no, nada. Ok. Que tenga un excelente parre para mí es un piacer ayudarle a recuperar su tranquilidad financiera. Real... Gracias. Hasta luego."
e7d964af-28a2-47e1-8fa2-dcab580267c0.wav,humano,126.4,"muy buenos días señora Ingrid Buenos días Hablas con el asesor de solucionario ¿Cómo esta? ¿De qué? Hablas con el asesor de solucionario ¿Cómo se encuerda? Sí, dígame Es que me comunicó con usted porque se tiene una cartera pendiente de solucionario Es para ofrecer un descuento, pero entonces ¿ya le han comunicado con usted? Sí, ya, yo había hablado con usted ya ¿Y ha realizado algún acorde de pago? Porque no me registra ninguno No, no, porque ustedes quieren que yo le de una sola cuota de no sé cuántos millones, 18 millones de pesos ¿Y dónde tengo yo para darles 18 millones de pesos una sola cuota? Entiendo, no tienen toda la capacidad ¿Y no les gustaría de pronto que yo le ofrezco un descuento total y que le damos un acorde de pago así sea cuotas? Sí, es que yo le dije a ellos que yo me iba a acercar a la oficina ya de... ...le... Pues te explico, o sea lo que pasa es que la cartera suya ya fue vendida La cartera ahora pertenece a solucionar CUBE Entonces, pues nos vamos comunicando con usted para que logremos un acorde de pago Pues actualmente la deuda de sus tres obligaciones que están pendientes es a por 18 millones de pesos Pero se me dice que se no puede pagar todo eso de una Lo que podemos hacer es lo siguiente Esos 10 millones de pesos le podemos brindar un descuento Un 30% descuento para que cansele 11 millones de pesos Y podríamos manejarlo a cotas, ¿qué le parece? ¿Me escucha? Alo"
e98181dc-2d7b-41ea-9524-59c721651a39.wav,humano,153.8,"de la marica muy buenas tardes a la señor con él ¿Cómo está señor? ¿De qué? ¿De qué? ¿Qué? Como una empresa de que estamos sueños y acreores sobre una carta de la que se tiene una obligación pendiente. En estos casos, la empresa que se ha creado en la carta de su obligación de tuya. ¿Te recuerda esa deuda? Ah, sí, señor. Señor, señor, lo que pasa es que usted fue contactado y cerraricé un acuerdo de pago para el 19 de julio por 300 pesos. ¿Qué pasa? ¿Qué pasa? ¿Qué pasa? ¿Qué pasa? ¿Cuánto? ¿Cuánto? ¿Pues que le realizaron usted tiene un descuento? Quisiera saber si ya canceló. No ¿Pues con ese entonces pues eh y la ha llegado al acuerdo de pago el documento? No. OK, señor. Entonces pues mira te va a de trescientos ochenta y cinco pesos tiene un descuento para que en ese valor de trescientos cuarenta mil pesos eh usted me indica más o menos para que fecha puede cancelar o más saldo del treinta y uno de julio una vez que cancelé eso se le entregaría el pas y salvo y saldría pues el reporte de los entradas de arriesgos se le quitaría. ¿Qué país a dónde? Señor. Me dan el país a dónde va a enviar por corregir el trónico o por eh vía whatsapp como se lo dice. Ah bueno. Ahora le está a dónde va. Ehh este este número tiene whatsapp? Señor. Listo entonces el pago lo haría para que? Para hoy? No. No. Para qué fecha? Para el treinta y uno de julio? Sí. Listo entonces en un minuto me va a comunicar con un C4V a whatsapp y le va a enviar el documento formalizado del acorde de pago por el bararriso. Listo se enx***a mal para tener la llamada."
eaaa5092-71c6-47ba-8c34-9fa95854812a.wav,humano,205.84,"Bueno, Díaz, tengo gusto hablar con ese ****. Sí, con él. Mucho gusto hablar con el marido **** de casa de cobranza autorizada por crédito y valores como 50 el día de hoy. Sí. Señor Marad, el día de hoy me estoy comunicando referente a su obligación con crédito y valores para validarse y ser realizado el pago según acuerdo de pago que tenía. No, mi amor, no me sirvió ese acuerdo de pago. ¿Por qué, señor Marad? Se llegó un acuerdo, un pago único de siete millones, cuatrocientos diez mil para **** y salvo. Pero no tengo los siete millones de pesos. Comprendo, señor Marad. O sea que desea un acuerdo a largo plazo para pagar a cores, para que quede facilidad de pago. Y como sería? De acuerdo, señor Marad. El máximo que nos dejan dividir los 12 **** para que quede facilidad de pago. El valor de su obligación está en siete millones quinientos setenta y seis mil cuatrocientos seis. Y donde se corta, cargara por seiscientos treinta y dos mil pesos. ¿Está usted de acuerdo, señor Marad? No, no me da porque yo en este momento estoy desempleado. Comprendo, señor Marad, sí, porque anteriormente llegó un acuerdo de pago de siete millones cuatrocientos. Porque estaba ocupado casi ni entendía lo que me decían. Alguna calamidad y no entendía que me decían. Yo por serí rápido la llamada. Señor Masi, ¿cuánto se podría se comprometer a pagar mes a mes? Lo podríamos validar con comité. ¿Cuánto? Sí, señor, ¿cuánto se puede comprometer a pagar usted mes a mes? Y lo podríamos validar con comité. ¿A no quedarles mal como? Te voy a apoyar doscientos mil pesos mensuales. Sería muy bajita la escota y no lo probaría el comité. Entonces este día me corresería lo mínimo. ¿Puedríamos pasar por comité trescientos cincuenta mil pesos? ¿Y podría comprometerse a pagar eso? Y trescientos. Comprendo, voy a pasarlo por comité por trescientos, señor Masi, y apenas tengo una respuesta. Yo me comunico nuevamente. ¿Para qué día usted realizaría el primer pago? Primero diez mes. O sea que antes del frente de Julio usted no podría realizar ningún pago. No, me acuerdo, me comprometo. Desde el primero al cinco y... Comprendo, señor Masi, a su situación voy a pasarlo por comité para los primeros días de agosto, a más tardar el día cinco de agosto, la primera cota. De acuerdo, señor Masi, apenas tengo una respuesta, me comunico nuevamente con usted. Que tenga un excelente día."
f613df46-85a0-46bd-a148-7826aac2451c.wav,humano,273.4,"Gracias. ¿Se 900 eninerados ustedes acaban de quitting el Mercado, son de Muchas져s. Sí, me comunico por favor con la **** El rol de ella, ¿Pasas? ... Ya estabacendo. Hable con la , ¿Qué DOWN? si, señora. Muchasремente se esta pisando. ¿Lo puppet esahahahaha? Mucho gust too. Por px conciliación en representación de valores como está. Bien, me alegra mucho señor, me estoy comunicando en referencia a una obligación pendiente que uno registra en sistema, y escisionadamente pues días anterioros habíamos tenido comunicación con usted donde se le había dado como trago una oferta de pago, quisiera validar pues si se encuentra interesa de gestionar como tal una opción de pago para que se pueda iniciar por la EF con la entidad de hialtores. C****** de ideas actualmente a la fecha se le está ofertando un valor de descuento donde actualmente su obligación es por 3 millones de $141.059 pesos, lo que vemos es ofertando un descuento del 10% del cargo por comité donde usted con 3 millones 7 mil pesos puede quedar totalmente apacizado. Allí se dan a la edos, se dan a la viadelía de que este ese valor se puede acercionar el pago de dos contados. Es decir, ese valor se lo puede generar cada cuota de 1.504.000 pesos aproximadamente, 1.504.000 pesos cada cuota aproximadamente diferido a dos contados. ¿Pero esas opciones de aliparos se pueden acercionar? ¿Me voy a iniciar una conciliación? No, pero yo en ese momento no tengo para pagar tu vuelo. Comprendo. Entonces, ¿cuál sería frente a su capacidad de pago? ¿Para qué? ¿Para validar una opción de pago diferida a cuotas? A cuotas? No, pues que no sé, en el momento no tengo empleo, entonces no sé. No sé cómo diferir eso. Comprendiendo, pero si desea o tiene como tal es la intención para tenerle en cuenta, porque tenemos un plan de pagos, ofertado también únicamente para el negociador, para que se inicie a pasar con cuotas de dos 151.000 pesos este valor, sea un conto, son cuotas fijas que se le mantendrían. Pero 251, ¿a cuánto tiempo? A 12 meses. ¿El que pese a la necesidad de que me diga que están 10? No, pero yo tengo trabajo, podría pagar una hoy y el otro no, que no volvería a cansar. Se me va a volver a hacer más. No hay lo interesante y todo. Bueno, señas y señas, en el momento que se toma una... el beneficio que tenemos es que al momento que se toma una conciliación se va a tomar frente a este valor. Se va a tomar frente a este valor. Es decir, ya con ese valor se va a no entender hasta las 12 cuotas. No incrementar como tal sobre el valor, porque ya te tiene un acuerdo plasmado, un acuerdo registrado. Entonces ese valor se va a mantener hasta las 12 cuotas. Entonces se va a tomar su 12 cuotas y ya quedaría por el que se pueda aprovechar. No, pero en este momento no le puedo decir que sí, porque la verdad ni tengo un cero. De pronto o más adelante, pronto ya puedo hacer otro acuerdo de pago. Comprendo más adelante sobre qué dependría de ese pago. Sobre qué me más adelante para tener encuentros intereses de pago. Por ahí un mes o un mes de tiempo. Listo, para el mes de ese tiempo, más o menos estaría indicando pues llegar una conciliación. Sí, señoras. Entonces en el momento de ser pues más alto de su caso, igual tener presente que pues a la fecha si no se llegó un acuerdo, pues realmente los intereses irán incrementando por el tema de la morosidad y los dos administrativos. Entonces probablemente eso es el valor que ya se hizo otro organe de vida. Al mes de ese tiempo pues sea un poco elevado el valor por el tema de la moratoria que está registrando. Listo. Ah bueno, un lito. Eso se me pido igual que el de por si de que las comunidades se seguirán registrando. Pues hasta el momento de llegar una conciliación. Y bueno, me dieron muchos besos para ver a Tendía Milla Mar, y quedaremos muy atentos."
f75a5ac6-d705-47f3-9ab1-f9e7aad6eab6.wav,humano,141.0,"Aló. Buenos días, ¿Cómo están? ¿Aló? Sí. ¿Qué es eso? ¿Sena coche, señor? ¿Qué es eso? ¿Cómo están? Bien, y sé que... ¿Cómo he estado? Bien, pues un poquito triste porque es que todavía no me dan plata, hermano. Y a mí me dice, ¿Dira qué es que le estamos mandando a Aguayo y eso? Pero no, se lo juro que no. Como le decía, como ya he estado sin trabajito y pues organizé ahí un algo, pero igual no me han pagado y me da pena con ustedes porque pues yo soy una palabra, hermano, pero entonces no... No puedo resolver. No quiero perder el beneficio de lo que había mochadlado, pero que no sé quién más se va a hacer, hermano. Y se supone que me llegaba... Sí, sí, sí, se supone que me llegaba plata ayer. Sí, eso es lo que usualmente me pasa, sí, me llega plata a la quinceanita, pero me quedaron mal, hermano. Yo la intención mía es abandonar, entre... Yo creo que entre hoy y mañana ya, o espero, tengo la esperanza que ya me cuare y pues abandonarle. Bueno, no, organizarle los 400 y peguele ch** y chatlamos. No, que... Te es ch**, ya va a hacer el corte. ¿Podemos pactar el sabado? ¿Podemos pactar el sabado? Fijo, fijo. Dicho, dale. Ve una. Que pena con su merced. No, no, vuelvo y digo, no, le estoy mandando a Aguayo y nada de eso, si no... No, pues de acuerdo, es que tengo una comunicación y me hagas saber, pues, para yo, por abarar. Si me entiendes. Si se me hace saber, yo, pues, la colaboro, porque, pues, si no... Es que a mí la gente me está diciendo, no, yo, al señor que... El acordeur 12 lo lo lo lo... No, es que yo le no, espera, jefe, yo lo llamo a ver qué me dice. Si. Taga, le pasaba entonces. ¿Listo, de una? Sí, es de toda. Listo, perfecto. Muchas gracias, señor. Gracias, señor. Listo, de nosotros."
